date,high,low,open,close,volume,adj_close,ticker
2019-01-02,1553.3599853515625,1460.9300537109375,1465.199951171875,1539.1300048828125,7983100.0,1539.1300048828125,AMZN
2019-01-03,1538.0,1497.1099853515625,1520.010009765625,1500.280029296875,6975600.0,1500.280029296875,AMZN
2019-01-04,1594.0,1518.31005859375,1530.0,1575.3900146484375,9182600.0,1575.3900146484375,AMZN
2019-01-07,1634.56005859375,1589.18994140625,1602.31005859375,1629.510009765625,7993200.0,1629.510009765625,AMZN
2019-01-08,1676.6099853515625,1616.6099853515625,1664.68994140625,1656.5799560546875,8881400.0,1656.5799560546875,AMZN
2019-01-09,1667.800048828125,1641.4000244140625,1652.97998046875,1659.4200439453125,6348800.0,1659.4200439453125,AMZN
2019-01-10,1663.25,1621.6199951171875,1641.010009765625,1656.219970703125,6507700.0,1656.219970703125,AMZN
2019-01-11,1660.2900390625,1636.219970703125,1640.550048828125,1640.56005859375,4686200.0,1640.56005859375,AMZN
2019-01-14,1648.199951171875,1595.1500244140625,1615.0,1617.2099609375,6005900.0,1617.2099609375,AMZN
2019-01-15,1675.1600341796875,1626.010009765625,1632.0,1674.56005859375,5998500.0,1674.56005859375,AMZN
2019-01-16,1705.0,1675.8800048828125,1684.219970703125,1683.780029296875,6366900.0,1683.780029296875,AMZN
2019-01-17,1700.1700439453125,1677.5,1680.0,1693.219970703125,4208900.0,1693.219970703125,AMZN
2019-01-18,1716.199951171875,1691.5400390625,1712.0,1696.199951171875,6020500.0,1696.199951171875,AMZN
2019-01-22,1681.8699951171875,1610.199951171875,1681.0,1632.1700439453125,6416800.0,1632.1700439453125,AMZN
2019-01-23,1657.4300537109375,1612.0,1656.0,1640.02001953125,5225200.0,1640.02001953125,AMZN
2019-01-24,1657.260009765625,1631.780029296875,1641.0699462890625,1654.9300537109375,4089900.0,1654.9300537109375,AMZN
2019-01-25,1683.47998046875,1661.6099853515625,1670.5,1670.5699462890625,4945900.0,1670.5699462890625,AMZN
2019-01-28,1645.0,1614.0899658203125,1643.5899658203125,1637.8900146484375,4837700.0,1637.8900146484375,AMZN
2019-01-29,1632.3800048828125,1590.719970703125,1631.27001953125,1593.8800048828125,4632800.0,1593.8800048828125,AMZN
2019-01-30,1676.949951171875,1619.6800537109375,1623.0,1670.4300537109375,5783800.0,1670.4300537109375,AMZN
2019-01-31,1736.4100341796875,1679.0799560546875,1692.8499755859375,1718.72998046875,10910300.0,1718.72998046875,AMZN
2019-02-01,1673.06005859375,1622.010009765625,1638.8800048828125,1626.22998046875,11506200.0,1626.22998046875,AMZN
2019-02-04,1649.6300048828125,1613.5,1623.0,1633.31005859375,4929100.0,1633.31005859375,AMZN
2019-02-05,1665.260009765625,1642.5,1643.3399658203125,1658.81005859375,4453100.0,1658.81005859375,AMZN
2019-02-06,1672.260009765625,1633.3399658203125,1670.75,1640.260009765625,3939900.0,1640.260009765625,AMZN
2019-02-07,1625.5400390625,1592.9100341796875,1625.0,1614.3699951171875,4626600.0,1614.3699951171875,AMZN
2019-02-08,1588.5899658203125,1566.760009765625,1586.0,1588.219970703125,5657500.0,1588.219970703125,AMZN
2019-02-11,1609.2900390625,1586.0,1600.97998046875,1591.0,3317300.0,1591.0,AMZN
2019-02-12,1639.4000244140625,1598.8800048828125,1604.0,1638.010009765625,4858600.0,1638.010009765625,AMZN
2019-02-13,1656.3800048828125,1637.1099853515625,1647.0,1640.0,3560300.0,1640.0,AMZN
2019-02-14,1637.9000244140625,1606.06005859375,1624.5,1622.6500244140625,4120500.0,1622.6500244140625,AMZN
2019-02-15,1628.9100341796875,1604.5,1627.8599853515625,1607.949951171875,4343900.0,1607.949951171875,AMZN
2019-02-19,1634.0,1600.56005859375,1601.0,1627.5799560546875,3681700.0,1627.5799560546875,AMZN
2019-02-20,1634.9300537109375,1610.1199951171875,1630.0,1622.0999755859375,3337600.0,1622.0999755859375,AMZN
2019-02-21,1623.56005859375,1600.9100341796875,1619.8499755859375,1619.43994140625,3483400.0,1619.43994140625,AMZN
2019-02-22,1634.93994140625,1621.1700439453125,1623.5,1631.56005859375,3096200.0,1631.56005859375,AMZN
2019-02-25,1654.5999755859375,1630.3900146484375,1641.449951171875,1633.0,3184500.0,1633.0,AMZN
2019-02-26,1639.989990234375,1616.1300048828125,1625.97998046875,1636.4000244140625,2665800.0,1636.4000244140625,AMZN
2019-02-27,1641.81005859375,1615.0999755859375,1628.1800537109375,1641.0899658203125,3148800.0,1641.0899658203125,AMZN
2019-02-28,1651.77001953125,1633.8299560546875,1635.25,1639.8299560546875,3025900.0,1639.8299560546875,AMZN
2019-03-01,1674.260009765625,1651.0,1655.1300048828125,1671.72998046875,4974900.0,1671.72998046875,AMZN
2019-03-04,1709.4300537109375,1674.3599853515625,1685.0,1696.1700439453125,6167400.0,1696.1700439453125,AMZN
2019-03-05,1707.800048828125,1689.010009765625,1702.949951171875,1692.4300537109375,3681500.0,1692.4300537109375,AMZN
2019-03-06,1697.75,1668.280029296875,1695.969970703125,1668.949951171875,3996000.0,1668.949951171875,AMZN
2019-03-07,1669.75,1620.510009765625,1667.3699951171875,1625.949951171875,4957000.0,1625.949951171875,AMZN
2019-03-08,1622.719970703125,1586.5699462890625,1604.010009765625,1620.800048828125,4667000.0,1620.800048828125,AMZN
2019-03-11,1672.2900390625,1626.010009765625,1626.1199951171875,1670.6199951171875,3876400.0,1670.6199951171875,AMZN
2019-03-12,1684.27001953125,1660.97998046875,1669.0,1673.0999755859375,3614500.0,1673.0999755859375,AMZN
2019-03-13,1700.0,1679.3499755859375,1683.0,1690.81005859375,3552000.0,1690.81005859375,AMZN
2019-03-14,1702.0,1684.3399658203125,1691.199951171875,1686.219970703125,2946600.0,1686.219970703125,AMZN
2019-03-15,1718.800048828125,1693.1300048828125,1703.0,1712.3599853515625,7550900.0,1712.3599853515625,AMZN
2019-03-18,1750.0,1712.6300048828125,1712.699951171875,1742.1500244140625,5429100.0,1742.1500244140625,AMZN
2019-03-19,1784.1600341796875,1753.510009765625,1753.510009765625,1761.8499755859375,6364200.0,1761.8499755859375,AMZN
2019-03-20,1799.5,1767.030029296875,1769.93994140625,1797.27001953125,6265600.0,1797.27001953125,AMZN
2019-03-21,1823.75,1787.280029296875,1796.260009765625,1819.260009765625,5767800.0,1819.260009765625,AMZN
2019-03-22,1818.97998046875,1763.1099853515625,1810.1700439453125,1764.77001953125,6363000.0,1764.77001953125,AMZN
2019-03-25,1782.6800537109375,1747.5,1757.7900390625,1774.260009765625,5103800.0,1774.260009765625,AMZN
2019-03-26,1805.77001953125,1773.3599853515625,1793.0,1783.760009765625,4865900.0,1783.760009765625,AMZN
2019-03-27,1787.5,1745.6800537109375,1784.1300048828125,1765.699951171875,4324800.0,1765.699951171875,AMZN
2019-03-28,1777.9300537109375,1753.469970703125,1770.0,1773.4200439453125,3043000.0,1773.4200439453125,AMZN
2019-03-29,1792.8599853515625,1776.6300048828125,1786.5799560546875,1780.75,3320800.0,1780.75,AMZN
2019-04-01,1815.6700439453125,1798.72998046875,1800.1099853515625,1814.18994140625,4238800.0,1814.18994140625,AMZN
2019-04-02,1820.0,1805.1199951171875,1811.02001953125,1813.97998046875,3448100.0,1813.97998046875,AMZN
2019-04-03,1830.0,1809.6199951171875,1826.719970703125,1820.699951171875,3926100.0,1820.699951171875,AMZN
2019-04-04,1828.75,1804.199951171875,1820.6500244140625,1818.8599853515625,3623900.0,1818.8599853515625,AMZN
2019-04-05,1838.5799560546875,1825.18994140625,1829.0,1837.280029296875,3640500.0,1837.280029296875,AMZN
2019-04-08,1850.199951171875,1825.1099853515625,1833.22998046875,1849.8599853515625,3752800.0,1849.8599853515625,AMZN
2019-04-09,1853.0899658203125,1831.780029296875,1845.489990234375,1835.8399658203125,3714400.0,1835.8399658203125,AMZN
2019-04-10,1848.0,1828.81005859375,1841.0,1847.3299560546875,2964000.0,1847.3299560546875,AMZN
2019-04-11,1849.949951171875,1840.31005859375,1848.699951171875,1844.0699462890625,2654800.0,1844.0699462890625,AMZN
2019-04-12,1851.5,1841.300048828125,1848.4000244140625,1843.06005859375,3114400.0,1843.06005859375,AMZN
2019-04-15,1846.8499755859373,1818.9000244140625,1842.0,1844.8699951171875,3724400.0,1844.8699951171875,AMZN
2019-04-16,1869.77001953125,1848.0,1851.3499755859373,1863.0400390625,3044600.0,1863.0400390625,AMZN
2019-04-17,1876.469970703125,1860.43994140625,1872.989990234375,1864.8199462890625,2893500.0,1864.8199462890625,AMZN
2019-04-18,1870.8199462890625,1859.47998046875,1868.7900390625,1861.68994140625,2749900.0,1861.68994140625,AMZN
2019-04-22,1888.4200439453125,1845.6400146484373,1855.4000244140625,1887.31005859375,3373800.0,1887.31005859375,AMZN
2019-04-23,1929.260009765625,1889.5799560546875,1891.199951171875,1923.77001953125,4640400.0,1923.77001953125,AMZN
2019-04-24,1929.68994140625,1898.1600341796875,1925.0,1901.75,3675800.0,1901.75,AMZN
2019-04-25,1922.449951171875,1900.31005859375,1917.0,1902.25,6099100.0,1902.25,AMZN
2019-04-26,1951.0,1898.0,1929.0,1950.6300048828125,8432600.0,1950.6300048828125,AMZN
2019-04-29,1956.3399658203125,1934.0899658203125,1949.0,1938.4300537109373,4021300.0,1938.4300537109373,AMZN
2019-04-30,1935.7099609375,1906.949951171875,1930.0999755859373,1926.52001953125,3506000.0,1926.52001953125,AMZN
2019-05-01,1943.6400146484373,1910.550048828125,1933.0899658203125,1911.52001953125,3117000.0,1911.52001953125,AMZN
2019-05-02,1921.550048828125,1881.8699951171875,1913.3299560546875,1900.8199462890625,3962900.0,1900.8199462890625,AMZN
2019-05-03,1964.4000244140625,1936.0,1949.0,1962.4599609375,6381600.0,1962.4599609375,AMZN
2019-05-06,1959.0,1910.5,1917.97998046875,1950.550048828125,5417800.0,1950.550048828125,AMZN
2019-05-07,1949.0999755859373,1903.3800048828125,1939.989990234375,1921.0,5902100.0,1921.0,AMZN
2019-05-08,1935.3699951171875,1910.0,1918.8699951171875,1917.77001953125,4078600.0,1917.77001953125,AMZN
2019-05-09,1909.4000244140625,1876.0,1900.0,1899.8699951171875,5308300.0,1899.8699951171875,AMZN
2019-05-10,1903.7900390625,1856.0,1898.0,1889.97998046875,5718000.0,1889.97998046875,AMZN
2019-05-13,1846.5400390625,1818.0,1836.56005859375,1822.6800537109373,5783400.0,1822.6800537109373,AMZN
2019-05-14,1852.43994140625,1815.75,1839.5,1840.1199951171875,4629100.0,1840.1199951171875,AMZN
2019-05-15,1874.4300537109373,1823.0,1827.949951171875,1871.1500244140625,4692600.0,1871.1500244140625,AMZN
2019-05-16,1917.510009765625,1882.2900390625,1885.93994140625,1907.5699462890625,4707800.0,1907.5699462890625,AMZN
2019-05-17,1910.530029296875,1867.3299560546875,1893.050048828125,1869.0,4736600.0,1869.0,AMZN
2019-05-20,1867.780029296875,1835.5400390625,1852.68994140625,1858.969970703125,3798200.0,1858.969970703125,AMZN
2019-05-21,1879.0,1846.0,1874.7900390625,1857.52001953125,4005100.0,1857.52001953125,AMZN
2019-05-22,1871.489990234375,1851.0,1851.780029296875,1859.6800537109373,2936600.0,1859.6800537109373,AMZN
2019-05-23,1844.0,1804.199951171875,1836.5899658203125,1815.47998046875,4424300.0,1815.47998046875,AMZN
2019-05-24,1841.760009765625,1817.8499755859373,1835.8900146484373,1823.280029296875,3369700.0,1823.280029296875,AMZN
2019-05-28,1849.27001953125,1827.3499755859373,1832.75,1836.4300537109373,3200000.0,1836.4300537109373,AMZN
2019-05-29,1830.0,1807.530029296875,1823.1199951171875,1819.18994140625,4279000.0,1819.18994140625,AMZN
2019-05-30,1829.469970703125,1807.8299560546875,1825.489990234375,1816.3199462890625,3146900.0,1816.3199462890625,AMZN
2019-05-31,1795.5899658203125,1772.699951171875,1790.010009765625,1775.0699462890625,4618800.0,1775.0699462890625,AMZN
2019-06-03,1766.2900390625,1672.0,1760.010009765625,1692.68994140625,9098700.0,1692.68994140625,AMZN
2019-06-04,1730.8199462890625,1680.8900146484375,1699.239990234375,1729.56005859375,5679100.0,1729.56005859375,AMZN
2019-06-05,1752.0,1715.25,1749.5999755859375,1738.5,4239800.0,1738.5,AMZN
2019-06-06,1760.0,1726.1300048828125,1737.7099609375,1754.3599853515625,3689300.0,1754.3599853515625,AMZN
2019-06-07,1806.25,1759.489990234375,1763.699951171875,1804.030029296875,4808200.0,1804.030029296875,AMZN
2019-06-10,1884.8699951171875,1818.0,1822.0,1860.6300048828125,5371000.0,1860.6300048828125,AMZN
2019-06-11,1893.699951171875,1858.0,1883.25,1863.699951171875,4042700.0,1863.699951171875,AMZN
2019-06-12,1865.0,1844.3800048828125,1853.97998046875,1855.3199462890625,2678300.0,1855.3199462890625,AMZN
2019-06-13,1883.0899658203125,1862.219970703125,1866.719970703125,1870.300048828125,2795800.0,1870.300048828125,AMZN
2019-06-14,1876.0,1859.0,1864.0,1869.6700439453125,2851200.0,1869.6700439453125,AMZN
2019-06-17,1895.68994140625,1875.449951171875,1876.5,1886.030029296875,2634300.0,1886.030029296875,AMZN
2019-06-18,1921.6700439453125,1899.7900390625,1901.3499755859373,1901.3699951171875,3895700.0,1901.3699951171875,AMZN
2019-06-19,1919.5799560546875,1892.469970703125,1907.8399658203125,1908.7900390625,2895300.0,1908.7900390625,AMZN
2019-06-20,1935.199951171875,1905.800048828125,1933.3299560546875,1918.18994140625,3217200.0,1918.18994140625,AMZN
2019-06-21,1925.949951171875,1907.5799560546875,1916.0999755859373,1911.300048828125,3933600.0,1911.300048828125,AMZN
2019-06-24,1916.8599853515625,1901.300048828125,1912.6600341796875,1913.9000244140625,2283000.0,1913.9000244140625,AMZN
2019-06-25,1916.3900146484373,1872.4200439453125,1911.8399658203125,1878.27001953125,3012300.0,1878.27001953125,AMZN
2019-06-26,1903.800048828125,1887.3199462890625,1892.47998046875,1897.8299560546875,2441900.0,1897.8299560546875,AMZN
2019-06-27,1911.239990234375,1898.0400390625,1902.0,1904.280029296875,2141700.0,1904.280029296875,AMZN
2019-06-28,1912.93994140625,1884.0,1909.0999755859373,1893.6300048828125,3037400.0,1893.6300048828125,AMZN
2019-07-01,1929.8199462890625,1914.6600341796875,1922.97998046875,1922.18994140625,3192100.0,1922.18994140625,AMZN
2019-07-02,1934.7900390625,1906.6300048828125,1919.3800048828125,1934.31005859375,2645900.0,1934.31005859375,AMZN
2019-07-03,1941.5899658203125,1930.5,1935.8900146484373,1939.0,1690300.0,1939.0,AMZN
2019-07-05,1945.9000244140625,1925.300048828125,1928.5999755859373,1942.9100341796875,2628400.0,1942.9100341796875,AMZN
2019-07-08,1956.0,1928.25,1934.1199951171875,1952.3199462890625,2883400.0,1952.3199462890625,AMZN
2019-07-09,1990.010009765625,1943.47998046875,1947.800048828125,1988.300048828125,4345700.0,1988.300048828125,AMZN
2019-07-10,2024.93994140625,1995.4000244140625,1996.510009765625,2017.4100341796875,4931900.0,2017.4100341796875,AMZN
2019-07-11,2035.800048828125,1995.300048828125,2025.6199951171875,2001.0699462890625,4317800.0,2001.0699462890625,AMZN
2019-07-12,2017.0,2003.8699951171875,2008.27001953125,2011.0,2509300.0,2011.0,AMZN
2019-07-15,2022.9000244140625,2001.550048828125,2021.4000244140625,2020.989990234375,2981300.0,2020.989990234375,AMZN
2019-07-16,2026.3199462890625,2001.219970703125,2010.5799560546875,2009.9000244140625,2618200.0,2009.9000244140625,AMZN
2019-07-17,2012.0,1992.030029296875,2007.050048828125,1992.030029296875,2558800.0,1992.030029296875,AMZN
2019-07-18,1987.5,1951.550048828125,1980.010009765625,1977.9000244140625,3486900.0,1977.9000244140625,AMZN
2019-07-19,1996.0,1962.22998046875,1991.2099609375,1964.52001953125,3185600.0,1964.52001953125,AMZN
2019-07-22,1989.0,1958.260009765625,1971.1400146484373,1985.6300048828125,2900000.0,1985.6300048828125,AMZN
2019-07-23,1997.7900390625,1973.1300048828125,1995.989990234375,1994.489990234375,2703500.0,1994.489990234375,AMZN
2019-07-24,2001.300048828125,1965.8699951171875,1969.300048828125,2000.81005859375,2631300.0,2000.81005859375,AMZN
2019-07-25,2001.199951171875,1972.719970703125,2001.0,1973.8199462890625,4136500.0,1973.8199462890625,AMZN
2019-07-26,1950.9000244140625,1924.510009765625,1942.0,1943.050048828125,4927100.0,1943.050048828125,AMZN
2019-07-29,1932.22998046875,1890.5400390625,1930.0,1912.449951171875,4493200.0,1912.449951171875,AMZN
2019-07-30,1909.8900146484373,1883.47998046875,1891.1199951171875,1898.530029296875,2910900.0,1898.530029296875,AMZN
2019-07-31,1899.550048828125,1849.43994140625,1898.1099853515625,1866.780029296875,4470700.0,1866.780029296875,AMZN
2019-08-01,1897.9200439453125,1844.010009765625,1871.719970703125,1855.3199462890625,4713300.0,1855.3199462890625,AMZN
2019-08-02,1846.3599853515625,1808.02001953125,1845.0699462890625,1823.239990234375,4956200.0,1823.239990234375,AMZN
2019-08-05,1788.6700439453125,1748.780029296875,1770.219970703125,1765.1300048828125,6058200.0,1765.1300048828125,AMZN
2019-08-06,1793.77001953125,1753.4000244140625,1792.22998046875,1787.8299560546875,5070300.0,1787.8299560546875,AMZN
2019-08-07,1798.9300537109375,1757.0,1773.989990234375,1793.4000244140625,4526900.0,1793.4000244140625,AMZN
2019-08-08,1834.260009765625,1798.1099853515625,1806.0,1832.8900146484373,3701200.0,1832.8900146484373,AMZN
2019-08-09,1831.0899658203125,1802.219970703125,1828.949951171875,1807.5799560546875,2879800.0,1807.5799560546875,AMZN
2019-08-12,1800.97998046875,1777.0,1795.989990234375,1784.9200439453125,2905500.0,1784.9200439453125,AMZN
2019-08-13,1831.739990234375,1780.0,1783.0,1824.3399658203125,3994000.0,1824.3399658203125,AMZN
2019-08-14,1795.6500244140625,1757.219970703125,1793.010009765625,1762.9599609375,4893600.0,1762.9599609375,AMZN
2019-08-15,1788.0,1761.9599609375,1781.989990234375,1776.1199951171875,3759100.0,1776.1199951171875,AMZN
2019-08-16,1802.9100341796875,1784.550048828125,1792.8900146484375,1792.5699462890625,3018000.0,1792.5699462890625,AMZN
2019-08-19,1826.0,1812.6099853515625,1818.0799560546875,1816.1199951171875,2816300.0,1816.1199951171875,AMZN
2019-08-20,1816.8199462890625,1799.8800048828125,1814.5,1801.3800048828125,1929500.0,1801.3800048828125,AMZN
2019-08-21,1829.5799560546875,1815.0,1819.3900146484373,1823.5400390625,2031800.0,1823.5400390625,AMZN
2019-08-22,1829.4100341796875,1800.0999755859375,1828.0,1804.6600341796875,2653500.0,1804.6600341796875,AMZN
2019-08-23,1804.9000244140625,1745.22998046875,1793.030029296875,1749.6199951171875,5270800.0,1749.6199951171875,AMZN
2019-08-26,1770.0,1743.510009765625,1766.9100341796875,1768.8699951171875,3080000.0,1768.8699951171875,AMZN
2019-08-27,1779.4000244140625,1746.6800537109375,1775.72998046875,1761.8299560546875,3019700.0,1761.8299560546875,AMZN
2019-08-28,1767.8599853515625,1744.050048828125,1755.0,1764.25,2419700.0,1764.25,AMZN
2019-08-29,1798.550048828125,1777.25,1783.0,1786.4000244140625,3015100.0,1786.4000244140625,AMZN
2019-08-30,1799.739990234375,1764.5699462890625,1797.489990234375,1776.2900390625,3058700.0,1776.2900390625,AMZN
2019-09-03,1800.800048828125,1768.0,1770.0,1789.8399658203125,3543000.0,1789.8399658203125,AMZN
2019-09-04,1807.6300048828125,1796.22998046875,1805.0,1800.6199951171875,2324100.0,1800.6199951171875,AMZN
2019-09-05,1842.0,1815.5799560546875,1821.949951171875,1840.719970703125,3310800.0,1840.719970703125,AMZN
2019-09-06,1840.6500244140625,1826.4000244140625,1838.219970703125,1833.510009765625,2496900.0,1833.510009765625,AMZN
2019-09-09,1850.0,1824.6099853515625,1841.0,1831.3499755859373,2999500.0,1831.3499755859373,AMZN
2019-09-10,1825.81005859375,1805.3399658203125,1822.75,1820.550048828125,2613900.0,1820.550048828125,AMZN
2019-09-11,1833.4200439453125,1809.0799560546875,1812.1400146484373,1822.989990234375,2432800.0,1822.989990234375,AMZN
2019-09-12,1853.6600341796875,1834.280029296875,1837.6300048828125,1843.550048828125,2823500.0,1843.550048828125,AMZN
2019-09-13,1846.1199951171875,1835.1700439453125,1842.010009765625,1839.3399658203125,1971300.0,1839.3399658203125,AMZN
2019-09-16,1825.68994140625,1800.199951171875,1824.02001953125,1807.8399658203125,3675500.0,1807.8399658203125,AMZN
2019-09-17,1823.989990234375,1804.0999755859373,1807.0799560546875,1822.550048828125,1982400.0,1822.550048828125,AMZN
2019-09-18,1822.06005859375,1795.5,1817.0400390625,1817.4599609375,2505600.0,1817.4599609375,AMZN
2019-09-19,1832.5699462890625,1817.9000244140625,1821.02001953125,1821.5,2031500.0,1821.5,AMZN
2019-09-20,1830.6300048828125,1780.9200439453125,1821.7099609375,1794.1600341796875,5341900.0,1794.1600341796875,AMZN
2019-09-23,1792.699951171875,1767.3199462890625,1777.0,1785.300048828125,2922300.0,1785.300048828125,AMZN
2019-09-24,1795.7099609375,1735.550048828125,1790.6099853515625,1741.6099853515625,4616000.0,1741.6099853515625,AMZN
2019-09-25,1773.0,1723.0,1747.3599853515625,1768.3299560546875,3493200.0,1768.3299560546875,AMZN
2019-09-26,1763.3699951171875,1731.5,1762.7900390625,1739.8399658203125,3536800.0,1739.8399658203125,AMZN
2019-09-27,1749.1199951171875,1713.8199462890625,1748.0,1725.449951171875,3907200.0,1725.449951171875,AMZN
2019-09-30,1737.4599609375,1709.219970703125,1726.989990234375,1735.9100341796875,2644700.0,1735.9100341796875,AMZN
2019-10-01,1755.5999755859375,1728.4100341796875,1746.0,1735.6500244140625,3084500.0,1735.6500244140625,AMZN
2019-10-02,1728.8900146484375,1705.0,1727.739990234375,1713.22998046875,3301100.0,1713.22998046875,AMZN
2019-10-03,1725.0,1685.06005859375,1713.0,1724.4200439453125,3468200.0,1724.4200439453125,AMZN
2019-10-04,1740.5799560546875,1719.22998046875,1726.02001953125,1739.6500244140625,2471900.0,1739.6500244140625,AMZN
2019-10-07,1747.8299560546875,1723.699951171875,1731.6300048828125,1732.6600341796875,2154700.0,1732.6600341796875,AMZN
2019-10-08,1727.0,1705.0,1722.489990234375,1705.510009765625,2542000.0,1705.510009765625,AMZN
2019-10-09,1729.949951171875,1714.3599853515625,1719.6099853515625,1721.989990234375,2043500.0,1721.989990234375,AMZN
2019-10-10,1738.2900390625,1713.75,1725.239990234375,1720.260009765625,2575200.0,1720.260009765625,AMZN
2019-10-11,1745.449951171875,1729.8599853515625,1742.9200439453125,1731.9200439453125,3255000.0,1731.9200439453125,AMZN
2019-10-14,1741.8900146484375,1722.0,1728.9100341796875,1736.4300537109375,1910200.0,1736.4300537109375,AMZN
2019-10-15,1776.449951171875,1740.6199951171875,1742.1400146484375,1767.3800048828125,3111700.0,1767.3800048828125,AMZN
2019-10-16,1786.239990234375,1770.52001953125,1773.3299560546875,1777.4300537109375,2763400.0,1777.4300537109375,AMZN
2019-10-17,1798.8499755859375,1782.02001953125,1796.489990234375,1787.47998046875,2647400.0,1787.47998046875,AMZN
2019-10-18,1793.97998046875,1749.199951171875,1787.800048828125,1757.510009765625,3362500.0,1757.510009765625,AMZN
2019-10-21,1785.8800048828125,1765.0,1769.6600341796875,1785.6600341796875,2130400.0,1785.6600341796875,AMZN
2019-10-22,1789.780029296875,1762.0,1788.1500244140625,1765.72998046875,2111700.0,1765.72998046875,AMZN
2019-10-23,1770.050048828125,1742.0,1761.300048828125,1762.1700439453125,2138200.0,1762.1700439453125,AMZN
2019-10-24,1788.3399658203125,1760.27001953125,1771.0899658203125,1780.780029296875,4446100.0,1780.780029296875,AMZN
2019-10-25,1764.2099609375,1695.0,1697.550048828125,1761.3299560546875,9626400.0,1761.3299560546875,AMZN
2019-10-28,1778.699951171875,1742.5,1748.06005859375,1777.0799560546875,3708900.0,1777.0799560546875,AMZN
2019-10-29,1777.0,1755.81005859375,1774.81005859375,1762.7099609375,2276900.0,1762.7099609375,AMZN
2019-10-30,1782.3800048828125,1759.1199951171875,1760.239990234375,1779.989990234375,2449400.0,1779.989990234375,AMZN
2019-10-31,1792.0,1771.47998046875,1775.989990234375,1776.6600341796875,2781200.0,1776.6600341796875,AMZN
2019-11-01,1797.449951171875,1785.2099609375,1788.010009765625,1791.43994140625,2790400.0,1791.43994140625,AMZN
2019-11-04,1815.06005859375,1801.010009765625,1801.010009765625,1804.6600341796875,2771900.0,1804.6600341796875,AMZN
2019-11-05,1810.25,1794.0,1809.1600341796875,1801.7099609375,1885500.0,1801.7099609375,AMZN
2019-11-06,1802.5,1788.5799560546875,1801.0,1795.77001953125,2029800.0,1795.77001953125,AMZN
2019-11-07,1805.9000244140625,1783.47998046875,1803.760009765625,1788.199951171875,2651100.0,1788.199951171875,AMZN
2019-11-08,1789.8800048828125,1774.0400390625,1787.8900146484375,1785.8800048828125,2123300.0,1785.8800048828125,AMZN
2019-11-11,1780.0,1767.1300048828125,1778.0,1771.6500244140625,1946000.0,1771.6500244140625,AMZN
2019-11-12,1786.219970703125,1771.9100341796875,1774.6600341796875,1778.0,2037600.0,1778.0,AMZN
2019-11-13,1775.0,1747.3199462890625,1773.3900146484375,1753.1099853515625,2989500.0,1753.1099853515625,AMZN
2019-11-14,1766.5899658203125,1749.56005859375,1751.4300537109375,1754.5999755859375,2264800.0,1754.5999755859375,AMZN
2019-11-15,1761.6800537109375,1732.8599853515625,1760.050048828125,1739.489990234375,3927600.0,1739.489990234375,AMZN
2019-11-18,1753.699951171875,1722.7099609375,1738.300048828125,1752.530029296875,2839500.0,1752.530029296875,AMZN
2019-11-19,1760.6800537109375,1743.030029296875,1756.989990234375,1752.7900390625,2270800.0,1752.7900390625,AMZN
2019-11-20,1762.52001953125,1734.1199951171875,1749.1400146484375,1745.530029296875,2790000.0,1745.530029296875,AMZN
2019-11-21,1746.8699951171875,1730.3599853515625,1743.0,1734.7099609375,2662900.0,1734.7099609375,AMZN
2019-11-22,1746.4300537109375,1731.0,1739.02001953125,1745.719970703125,2479100.0,1745.719970703125,AMZN
2019-11-25,1777.4200439453125,1753.239990234375,1753.25,1773.8399658203125,3486200.0,1773.8399658203125,AMZN
2019-11-26,1797.030029296875,1778.3499755859375,1779.9200439453125,1796.93994140625,3181200.0,1796.93994140625,AMZN
2019-11-27,1824.5,1797.31005859375,1801.0,1818.510009765625,3025600.0,1818.510009765625,AMZN
2019-11-29,1824.68994140625,1800.7900390625,1817.780029296875,1800.800048828125,1923400.0,1800.800048828125,AMZN
2019-12-02,1805.550048828125,1762.6800537109375,1804.4000244140625,1781.5999755859375,3925600.0,1781.5999755859375,AMZN
2019-12-03,1772.8699951171875,1747.22998046875,1760.0,1769.9599609375,3380900.0,1769.9599609375,AMZN
2019-12-04,1789.0899658203125,1760.219970703125,1774.010009765625,1760.68994140625,2670100.0,1760.68994140625,AMZN
2019-12-05,1763.5,1740.0,1763.5,1740.47998046875,2823800.0,1740.47998046875,AMZN
2019-12-06,1754.4000244140625,1740.1300048828125,1751.199951171875,1751.5999755859375,3117400.0,1751.5999755859375,AMZN
2019-12-09,1766.8900146484375,1745.6099853515625,1750.6600341796875,1749.510009765625,2442800.0,1749.510009765625,AMZN
2019-12-10,1750.6700439453125,1735.0,1747.4000244140625,1739.2099609375,2514300.0,1739.2099609375,AMZN
2019-12-11,1750.0,1735.7099609375,1741.6700439453125,1748.719970703125,2097600.0,1748.719970703125,AMZN
2019-12-12,1764.0,1745.43994140625,1750.0,1760.3299560546875,3095900.0,1760.3299560546875,AMZN
2019-12-13,1768.989990234375,1755.0,1765.0,1760.93994140625,2745700.0,1760.93994140625,AMZN
2019-12-16,1769.5,1757.050048828125,1767.0,1769.2099609375,3145200.0,1769.2099609375,AMZN
2019-12-17,1792.0,1777.3900146484375,1778.010009765625,1790.6600341796875,3644400.0,1790.6600341796875,AMZN
2019-12-18,1798.199951171875,1782.3599853515625,1795.02001953125,1784.030029296875,3351400.0,1784.030029296875,AMZN
2019-12-19,1792.989990234375,1774.06005859375,1780.5,1792.280029296875,2652800.0,1792.280029296875,AMZN
2019-12-20,1802.969970703125,1782.449951171875,1799.6199951171875,1786.5,5150800.0,1786.5,AMZN
2019-12-23,1793.0,1784.510009765625,1788.260009765625,1793.0,2136400.0,1793.0,AMZN
2019-12-24,1795.5699462890625,1787.5799560546875,1793.81005859375,1789.2099609375,881300.0,1789.2099609375,AMZN
2019-12-26,1870.4599609375,1799.5,1801.010009765625,1868.77001953125,6005400.0,1868.77001953125,AMZN
2019-12-27,1901.4000244140625,1866.010009765625,1882.9200439453125,1869.800048828125,6186600.0,1869.800048828125,AMZN
2019-12-30,1884.0,1840.6199951171875,1874.0,1846.8900146484373,3674700.0,1846.8900146484373,AMZN
2019-12-31,1853.260009765625,1832.22998046875,1842.0,1847.8399658203125,2506500.0,1847.8399658203125,AMZN
2020-01-02,1898.010009765625,1864.1500244140625,1875.0,1898.010009765625,4029000.0,1898.010009765625,AMZN
2020-01-03,1886.199951171875,1864.5,1864.5,1874.969970703125,3764400.0,1874.969970703125,AMZN
2020-01-06,1903.68994140625,1860.0,1860.0,1902.8800048828125,4061800.0,1902.8800048828125,AMZN
2020-01-07,1913.8900146484373,1892.0400390625,1904.5,1906.8599853515625,4044900.0,1906.8599853515625,AMZN
2020-01-08,1911.0,1886.43994140625,1898.0400390625,1891.969970703125,3508000.0,1891.969970703125,AMZN
2020-01-09,1917.8199462890625,1895.800048828125,1909.8900146484373,1901.050048828125,3167300.0,1901.050048828125,AMZN
2020-01-10,1906.93994140625,1880.0,1905.3699951171875,1883.1600341796875,2853700.0,1883.1600341796875,AMZN
2020-01-13,1898.0,1880.800048828125,1891.31005859375,1891.300048828125,2780800.0,1891.300048828125,AMZN
2020-01-14,1887.1099853515625,1858.550048828125,1885.8800048828125,1869.43994140625,3440900.0,1869.43994140625,AMZN
2020-01-15,1878.8599853515625,1855.0899658203125,1872.25,1862.02001953125,2896600.0,1862.02001953125,AMZN
2020-01-16,1885.5899658203125,1866.02001953125,1882.989990234375,1877.93994140625,2659500.0,1877.93994140625,AMZN
2020-01-17,1886.6400146484373,1857.25,1885.8900146484373,1864.719970703125,3997300.0,1864.719970703125,AMZN
2020-01-21,1894.27001953125,1860.0,1865.0,1892.0,3707800.0,1892.0,AMZN
2020-01-22,1902.5,1883.3399658203125,1896.0899658203125,1887.4599609375,3216300.0,1887.4599609375,AMZN
2020-01-23,1889.97998046875,1872.760009765625,1885.1099853515625,1884.5799560546875,2484600.0,1884.5799560546875,AMZN
2020-01-24,1894.989990234375,1847.43994140625,1891.3699951171875,1861.6400146484373,3766200.0,1861.6400146484373,AMZN
2020-01-27,1841.0,1815.3399658203125,1820.0,1828.3399658203125,3528500.0,1828.3399658203125,AMZN
2020-01-28,1858.1099853515625,1830.02001953125,1840.5,1853.25,2808000.0,1853.25,AMZN
2020-01-29,1874.75,1855.02001953125,1864.0,1858.0,2088000.0,1858.0,AMZN
2020-01-30,1872.8699951171875,1850.6099853515625,1858.0,1870.6800537109373,6327400.0,1870.6800537109373,AMZN
2020-01-31,2055.719970703125,2002.27001953125,2051.469970703125,2008.719970703125,15567300.0,2008.719970703125,AMZN
2020-02-03,2048.5,2000.25,2010.5999755859373,2004.199951171875,5899100.0,2004.199951171875,AMZN
2020-02-04,2059.800048828125,2015.3699951171875,2029.8800048828125,2049.669921875,5289300.0,2049.669921875,AMZN
2020-02-05,2071.02001953125,2032.0,2071.02001953125,2039.8699951171875,4376200.0,2039.8699951171875,AMZN
2020-02-06,2056.300048828125,2024.800048828125,2041.02001953125,2050.22998046875,3183000.0,2050.22998046875,AMZN
2020-02-07,2098.530029296875,2038.0999755859373,2041.989990234375,2079.280029296875,5095300.0,2079.280029296875,AMZN
2020-02-10,2135.60009765625,2084.9599609375,2085.010009765625,2133.909912109375,5056200.0,2133.909912109375,AMZN
2020-02-11,2185.949951171875,2136.0,2150.89990234375,2150.800048828125,5746000.0,2150.800048828125,AMZN
2020-02-12,2180.25,2155.2900390625,2163.199951171875,2160.0,3334300.0,2160.0,AMZN
2020-02-13,2170.280029296875,2142.0,2144.989990234375,2149.8701171875,3031800.0,2149.8701171875,AMZN
2020-02-14,2159.0400390625,2125.889892578125,2155.679931640625,2134.8701171875,2606200.0,2134.8701171875,AMZN
2020-02-18,2166.070068359375,2124.110107421875,2125.02001953125,2155.669921875,2945600.0,2155.669921875,AMZN
2020-02-19,2185.10009765625,2161.1201171875,2167.800048828125,2170.219970703125,2561200.0,2170.219970703125,AMZN
2020-02-20,2176.7900390625,2127.449951171875,2173.070068359375,2153.10009765625,3131300.0,2153.10009765625,AMZN
2020-02-21,2144.550048828125,2088.0,2142.14990234375,2095.969970703125,4646300.0,2095.969970703125,AMZN
2020-02-24,2039.300048828125,1987.969970703125,2003.1800537109373,2009.2900390625,6547000.0,2009.2900390625,AMZN
2020-02-25,2034.5999755859373,1958.4200439453125,2026.4200439453125,1972.739990234375,6219100.0,1972.739990234375,AMZN
2020-02-26,2014.6700439453125,1960.449951171875,1970.280029296875,1979.5899658203125,5224600.0,1979.5899658203125,AMZN
2020-02-27,1975.0,1882.760009765625,1934.3800048828125,1884.300048828125,8144000.0,1884.300048828125,AMZN
2020-02-28,1889.760009765625,1811.1300048828125,1814.6300048828125,1883.75,9493800.0,1883.75,AMZN
2020-03-02,1954.510009765625,1870.0,1906.489990234375,1953.949951171875,6761700.0,1953.949951171875,AMZN
2020-03-03,1996.3299560546875,1888.0899658203125,1975.3699951171875,1908.989990234375,7534500.0,1908.989990234375,AMZN
2020-03-04,1978.0,1922.0,1946.5699462890625,1975.8299560546875,4772900.0,1975.8299560546875,AMZN
2020-03-05,1960.719970703125,1910.0,1933.0,1924.030029296875,4748200.0,1924.030029296875,AMZN
2020-03-06,1910.8699951171875,1869.5,1875.0,1901.0899658203125,5273600.0,1901.0899658203125,AMZN
2020-03-09,1862.77001953125,1761.2900390625,1773.8599853515625,1800.6099853515625,7813200.0,1800.6099853515625,AMZN
2020-03-10,1894.27001953125,1818.1700439453125,1870.8800048828125,1891.8199462890625,7133300.0,1891.8199462890625,AMZN
2020-03-11,1871.3199462890625,1801.5,1857.8499755859373,1820.8599853515625,5624800.0,1820.8599853515625,AMZN
2020-03-12,1765.0,1675.0,1721.97998046875,1676.6099853515625,11346200.0,1676.6099853515625,AMZN
2020-03-13,1786.31005859375,1680.6199951171875,1755.0,1785.0,8809700.0,1785.0,AMZN
2020-03-16,1759.449951171875,1626.030029296875,1641.510009765625,1689.1500244140625,8917300.0,1689.1500244140625,AMZN
2020-03-17,1857.780029296875,1689.239990234375,1775.469970703125,1807.8399658203125,10917100.0,1807.8399658203125,AMZN
2020-03-18,1841.6600341796875,1745.0,1750.0,1830.0,9645200.0,1830.0,AMZN
2020-03-19,1945.0,1832.6500244140625,1860.0,1880.9300537109373,10399900.0,1880.9300537109373,AMZN
2020-03-20,1957.0,1820.72998046875,1926.31005859375,1846.0899658203125,9817900.0,1846.0899658203125,AMZN
2020-03-23,1919.4000244140625,1812.0,1827.75,1902.8299560546875,7808500.0,1902.8299560546875,AMZN
2020-03-24,1955.0,1900.3399658203125,1951.5,1940.0999755859373,7147100.0,1940.0999755859373,AMZN
2020-03-25,1950.260009765625,1885.780029296875,1920.68994140625,1885.8399658203125,6479100.0,1885.8399658203125,AMZN
2020-03-26,1956.489990234375,1889.2900390625,1902.0,1955.489990234375,6221300.0,1955.489990234375,AMZN
2020-03-27,1939.7900390625,1899.9200439453125,1930.8599853515625,1900.0999755859373,5387900.0,1900.0999755859373,AMZN
2020-03-30,1973.6300048828125,1912.3399658203125,1922.8299560546875,1963.949951171875,6126100.0,1963.949951171875,AMZN
2020-03-31,1993.02001953125,1944.010009765625,1964.3499755859373,1949.719970703125,5123600.0,1949.719970703125,AMZN
2020-04-01,1944.9599609375,1893.0,1932.969970703125,1907.699951171875,4121900.0,1907.699951171875,AMZN
2020-04-02,1927.530029296875,1890.0,1901.6400146484373,1918.8299560546875,4336000.0,1918.8299560546875,AMZN
2020-04-03,1926.3299560546875,1889.1500244140625,1911.1500244140625,1906.5899658203125,3609900.0,1906.5899658203125,AMZN
2020-04-06,1998.52001953125,1930.02001953125,1936.0,1997.5899658203125,5773200.0,1997.5899658203125,AMZN
2020-04-07,2035.719970703125,1997.6199951171875,2017.1099853515625,2011.5999755859373,5114000.0,2011.5999755859373,AMZN
2020-04-08,2044.0,2011.1500244140625,2021.0,2043.0,3977300.0,2043.0,AMZN
2020-04-09,2053.0,2017.6600341796875,2044.300048828125,2042.760009765625,4655600.0,2042.760009765625,AMZN
2020-04-13,2180.0,2038.0,2040.0,2168.8701171875,6716700.0,2168.8701171875,AMZN
2020-04-14,2292.0,2186.2099609375,2200.469970703125,2283.320068359375,8087200.0,2283.320068359375,AMZN
2020-04-15,2333.3701171875,2245.0,2257.679931640625,2307.679931640625,6866600.0,2307.679931640625,AMZN
2020-04-16,2461.0,2335.0,2346.0,2408.18994140625,12038200.0,2408.18994140625,AMZN
2020-04-17,2400.0,2316.02001953125,2372.330078125,2375.0,7930000.0,2375.0,AMZN
2020-04-20,2444.97998046875,2386.050048828125,2389.949951171875,2393.610107421875,5770700.0,2393.610107421875,AMZN
2020-04-21,2428.31005859375,2279.659912109375,2416.610107421875,2328.1201171875,7476700.0,2328.1201171875,AMZN
2020-04-22,2394.0,2351.0,2369.0,2363.489990234375,4218300.0,2363.489990234375,AMZN
2020-04-23,2424.219970703125,2382.080078125,2399.97998046875,2399.449951171875,5066600.0,2399.449951171875,AMZN
2020-04-24,2420.429931640625,2382.0,2417.0,2410.219970703125,3831800.0,2410.219970703125,AMZN
2020-04-27,2444.8798828125,2363.0,2443.199951171875,2376.0,5645600.0,2376.0,AMZN
2020-04-28,2373.5,2306.0,2372.10009765625,2314.080078125,5269400.0,2314.080078125,AMZN
2020-04-29,2391.889892578125,2310.0,2330.010009765625,2372.7099609375,4591600.0,2372.7099609375,AMZN
2020-04-30,2475.0,2396.010009765625,2419.840087890625,2474.0,9534600.0,2474.0,AMZN
2020-05-01,2362.43994140625,2258.18994140625,2336.800048828125,2286.0400390625,9772600.0,2286.0400390625,AMZN
2020-05-04,2326.97998046875,2256.3798828125,2256.3798828125,2315.989990234375,4865900.0,2315.989990234375,AMZN
2020-05-05,2351.0,2307.1298828125,2340.0,2317.800048828125,3242500.0,2317.800048828125,AMZN
2020-05-06,2357.449951171875,2320.0,2329.43994140625,2351.260009765625,3117800.0,2351.260009765625,AMZN
2020-05-07,2376.0,2343.110107421875,2374.780029296875,2367.610107421875,3396400.0,2367.610107421875,AMZN
2020-05-08,2387.239990234375,2357.0,2372.139892578125,2379.610107421875,3211200.0,2379.610107421875,AMZN
2020-05-11,2419.669921875,2372.110107421875,2374.699951171875,2409.0,3259200.0,2409.0,AMZN
2020-05-12,2419.0,2355.0,2411.85009765625,2356.949951171875,3074900.0,2356.949951171875,AMZN
2020-05-13,2407.699951171875,2337.800048828125,2366.800048828125,2367.919921875,4782900.0,2367.919921875,AMZN
2020-05-14,2391.3701171875,2353.2099609375,2361.010009765625,2388.85009765625,3648100.0,2388.85009765625,AMZN
2020-05-15,2411.0,2356.3701171875,2368.52001953125,2409.780029296875,4235000.0,2409.780029296875,AMZN
2020-05-18,2433.0,2384.010009765625,2404.35009765625,2426.260009765625,4366600.0,2426.260009765625,AMZN
2020-05-19,2485.0,2428.969970703125,2429.830078125,2449.330078125,4320500.0,2449.330078125,AMZN
2020-05-20,2500.010009765625,2467.27001953125,2477.8701171875,2497.93994140625,3998100.0,2497.93994140625,AMZN
2020-05-21,2525.449951171875,2442.5400390625,2500.0,2446.739990234375,5114400.0,2446.739990234375,AMZN
2020-05-22,2469.85009765625,2430.1298828125,2455.010009765625,2436.8798828125,2867100.0,2436.8798828125,AMZN
2020-05-26,2462.0,2414.06005859375,2458.0,2421.860107421875,3568200.0,2421.860107421875,AMZN
2020-05-27,2413.580078125,2330.0,2404.989990234375,2410.389892578125,5056900.0,2410.389892578125,AMZN
2020-05-28,2436.969970703125,2378.22998046875,2384.330078125,2401.10009765625,3190200.0,2401.10009765625,AMZN
2020-05-29,2442.3701171875,2398.199951171875,2415.93994140625,2442.3701171875,3529300.0,2442.3701171875,AMZN
2020-06-01,2476.929931640625,2444.169921875,2448.0,2471.0400390625,2928900.0,2471.0400390625,AMZN
2020-06-02,2473.530029296875,2445.31005859375,2467.0,2472.409912109375,2529900.0,2472.409912109375,AMZN
2020-06-03,2488.0,2461.169921875,2468.010009765625,2478.39990234375,2671000.0,2478.39990234375,AMZN
2020-06-04,2507.5400390625,2450.010009765625,2477.429931640625,2460.60009765625,2948700.0,2460.60009765625,AMZN
2020-06-05,2488.64990234375,2437.1298828125,2444.510009765625,2483.0,3306400.0,2483.0,AMZN
2020-06-08,2530.0,2487.340087890625,2500.199951171875,2524.06005859375,3970700.0,2524.06005859375,AMZN
2020-06-09,2626.429931640625,2525.0,2529.43994140625,2600.860107421875,5176000.0,2600.860107421875,AMZN
2020-06-10,2722.35009765625,2626.260009765625,2645.0,2647.449951171875,4946000.0,2647.449951171875,AMZN
2020-06-11,2671.3798828125,2536.22998046875,2603.5,2557.9599609375,5800100.0,2557.9599609375,AMZN
2020-06-12,2621.47998046875,2503.35009765625,2601.2099609375,2545.02001953125,5436100.0,2545.02001953125,AMZN
2020-06-15,2584.0,2508.0,2526.60009765625,2572.679931640625,3865100.0,2572.679931640625,AMZN
2020-06-16,2620.0,2576.0,2620.0,2615.27001953125,3585600.0,2615.27001953125,AMZN
2020-06-17,2655.0,2631.820068359375,2647.5,2640.97998046875,2959300.0,2640.97998046875,AMZN
2020-06-18,2659.639892578125,2636.110107421875,2647.010009765625,2653.97998046875,2487800.0,2653.97998046875,AMZN
2020-06-19,2697.429931640625,2659.0,2678.080078125,2675.010009765625,5777000.0,2675.010009765625,AMZN
2020-06-22,2715.0,2669.0,2684.5,2713.820068359375,3208800.0,2713.820068359375,AMZN
2020-06-23,2783.110107421875,2718.0400390625,2726.02001953125,2764.409912109375,4231700.0,2764.409912109375,AMZN
2020-06-24,2796.0,2721.0,2780.0,2734.39990234375,4526600.0,2734.39990234375,AMZN
2020-06-25,2756.22998046875,2712.139892578125,2739.550048828125,2754.580078125,2968700.0,2754.580078125,AMZN
2020-06-26,2782.570068359375,2688.0,2775.06005859375,2692.8701171875,6500800.0,2692.8701171875,AMZN
2020-06-29,2696.800048828125,2630.080078125,2690.010009765625,2680.3798828125,4223400.0,2680.3798828125,AMZN
2020-06-30,2769.6298828125,2675.030029296875,2685.070068359375,2758.820068359375,3769700.0,2758.820068359375,AMZN
2020-07-01,2895.0,2754.0,2757.989990234375,2878.699951171875,6363400.0,2878.699951171875,AMZN
2020-07-02,2955.56005859375,2871.10009765625,2912.010009765625,2890.300048828125,6593400.0,2890.300048828125,AMZN
2020-07-06,3059.8798828125,2930.0,2934.969970703125,3057.0400390625,6880600.0,3057.0400390625,AMZN
2020-07-07,3069.550048828125,2990.0,3058.550048828125,3000.1201171875,5257500.0,3000.1201171875,AMZN
2020-07-08,3083.969970703125,3012.429931640625,3022.610107421875,3081.110107421875,5037600.0,3081.110107421875,AMZN
2020-07-09,3193.8798828125,3074.0,3115.989990234375,3182.6298828125,6388700.0,3182.6298828125,AMZN
2020-07-10,3215.0,3135.699951171875,3191.760009765625,3200.0,5486000.0,3200.0,AMZN
2020-07-13,3344.2900390625,3068.389892578125,3251.06005859375,3104.0,7720400.0,3104.0,AMZN
2020-07-14,3127.3798828125,2950.0,3089.0,3084.0,7231900.0,3084.0,AMZN
2020-07-15,3098.35009765625,2973.179931640625,3080.22998046875,3008.8701171875,5788900.0,3008.8701171875,AMZN
2020-07-16,3032.0,2918.22998046875,2971.06005859375,2999.89990234375,6394200.0,2999.89990234375,AMZN
2020-07-17,3024.0,2948.449951171875,3009.0,2961.969970703125,4761300.0,2961.969970703125,AMZN
2020-07-20,3201.360107421875,2994.02001953125,3000.199951171875,3196.840087890625,7598200.0,3196.840087890625,AMZN
2020-07-21,3240.580078125,3105.719970703125,3232.489990234375,3138.2900390625,6135000.0,3138.2900390625,AMZN
2020-07-22,3150.0,3065.260009765625,3125.0,3099.909912109375,4104200.0,3099.909912109375,AMZN
2020-07-23,3098.27001953125,2970.0,3098.27001953125,2986.550048828125,5656900.0,2986.550048828125,AMZN
2020-07-24,3031.580078125,2888.0,2930.0,3008.909912109375,5632400.0,3008.909912109375,AMZN
2020-07-27,3098.0,3015.77001953125,3062.0,3055.2099609375,4170500.0,3055.2099609375,AMZN
2020-07-28,3077.090087890625,2995.760009765625,3054.27001953125,3000.330078125,3126700.0,3000.330078125,AMZN
2020-07-29,3039.159912109375,2996.77001953125,3030.989990234375,3033.530029296875,2974100.0,3033.530029296875,AMZN
2020-07-30,3092.0,3005.0,3014.0,3051.8798828125,6128300.0,3051.8798828125,AMZN
2020-07-31,3246.820068359375,3151.0,3244.0,3164.679931640625,8085500.0,3164.679931640625,AMZN
2020-08-03,3184.0,3104.0,3180.510009765625,3111.889892578125,5074700.0,3111.889892578125,AMZN
2020-08-04,3167.239990234375,3101.2099609375,3101.2099609375,3138.830078125,4694300.0,3138.830078125,AMZN
2020-08-05,3213.590087890625,3127.300048828125,3143.77001953125,3205.030029296875,3930000.0,3205.030029296875,AMZN
2020-08-06,3247.469970703125,3165.429931640625,3194.360107421875,3225.0,3940600.0,3225.0,AMZN
2020-08-07,3240.81005859375,3140.669921875,3224.010009765625,3167.4599609375,3936100.0,3167.4599609375,AMZN
2020-08-10,3172.510009765625,3101.52001953125,3170.31005859375,3148.159912109375,3167300.0,3148.159912109375,AMZN
2020-08-11,3159.219970703125,3073.0,3113.199951171875,3080.669921875,3718100.0,3080.669921875,AMZN
2020-08-12,3174.389892578125,3101.419921875,3108.0,3162.239990234375,3527200.0,3162.239990234375,AMZN
2020-08-13,3217.52001953125,3155.0,3182.989990234375,3161.02001953125,3149000.0,3161.02001953125,AMZN
2020-08-14,3178.239990234375,3120.0,3178.179931640625,3148.02001953125,2751700.0,3148.02001953125,AMZN
2020-08-17,3194.969970703125,3154.179931640625,3173.1201171875,3182.409912109375,2691200.0,3182.409912109375,AMZN
2020-08-18,3320.0,3205.820068359375,3212.0,3312.489990234375,5346000.0,3312.489990234375,AMZN
2020-08-19,3315.89990234375,3256.0,3303.010009765625,3260.47998046875,4185100.0,3260.47998046875,AMZN
2020-08-20,3312.6201171875,3238.0,3252.0,3297.3701171875,3332500.0,3297.3701171875,AMZN
2020-08-21,3314.39990234375,3275.389892578125,3295.0,3284.719970703125,3575900.0,3284.719970703125,AMZN
2020-08-24,3380.320068359375,3257.56005859375,3310.14990234375,3307.4599609375,4666300.0,3307.4599609375,AMZN
2020-08-25,3357.39990234375,3267.0,3294.989990234375,3346.489990234375,3992800.0,3346.489990234375,AMZN
2020-08-26,3451.739990234375,3344.570068359375,3351.110107421875,3441.85009765625,6508700.0,3441.85009765625,AMZN
2020-08-27,3453.0,3378.0,3450.050048828125,3400.0,4264800.0,3400.0,AMZN
2020-08-28,3433.3701171875,3386.5,3423.0,3401.800048828125,2897000.0,3401.800048828125,AMZN
2020-08-31,3495.0,3405.0,3408.989990234375,3450.9599609375,4185900.0,3450.9599609375,AMZN
2020-09-01,3513.8701171875,3467.0,3489.580078125,3499.1201171875,3476400.0,3499.1201171875,AMZN
2020-09-02,3552.25,3486.68994140625,3547.0,3531.449951171875,3931500.0,3531.449951171875,AMZN
2020-09-03,3488.409912109375,3303.0,3485.0,3368.0,8161100.0,3368.0,AMZN
2020-09-04,3381.5,3111.1298828125,3318.0,3294.6201171875,8781800.0,3294.6201171875,AMZN
2020-09-08,3250.85009765625,3130.0,3144.0,3149.840087890625,6094200.0,3149.840087890625,AMZN
2020-09-09,3303.179931640625,3185.0,3202.989990234375,3268.610107421875,5188700.0,3268.610107421875,AMZN
2020-09-10,3349.889892578125,3170.550048828125,3307.219970703125,3175.110107421875,5330700.0,3175.110107421875,AMZN
2020-09-11,3217.340087890625,3083.97998046875,3208.68994140625,3116.219970703125,5094000.0,3116.219970703125,AMZN
2020-09-14,3187.389892578125,3096.0,3172.93994140625,3102.969970703125,4529600.0,3102.969970703125,AMZN
2020-09-15,3175.02001953125,3108.919921875,3136.159912109375,3156.1298828125,4021500.0,3156.1298828125,AMZN
2020-09-16,3187.239990234375,3074.14990234375,3179.989990234375,3078.10009765625,4512200.0,3078.10009765625,AMZN
2020-09-17,3029.429931640625,2972.550048828125,3009.25,3008.72998046875,6449100.0,3008.72998046875,AMZN
2020-09-18,3037.800048828125,2905.5400390625,3031.739990234375,2954.909912109375,8892600.0,2954.909912109375,AMZN
2020-09-21,2962.0,2871.0,2906.5,2960.469970703125,6117900.0,2960.469970703125,AMZN
2020-09-22,3133.989990234375,3000.199951171875,3033.840087890625,3128.989990234375,6948800.0,3128.989990234375,AMZN
2020-09-23,3127.0,2992.3798828125,3120.429931640625,2999.860107421875,5652700.0,2999.860107421875,AMZN
2020-09-24,3069.300048828125,2965.0,2977.7900390625,3019.7900390625,5529400.0,3019.7900390625,AMZN
2020-09-25,3101.5400390625,2999.0,3054.860107421875,3095.1298828125,4615200.0,3095.1298828125,AMZN
2020-09-28,3175.0400390625,3117.169921875,3148.85009765625,3174.050048828125,4224200.0,3174.050048828125,AMZN
2020-09-29,3188.260009765625,3132.5400390625,3175.389892578125,3144.8798828125,3495800.0,3144.8798828125,AMZN
2020-09-30,3212.8798828125,3133.989990234375,3141.139892578125,3148.72998046875,4896100.0,3148.72998046875,AMZN
2020-10-01,3224.0,3172.0,3208.0,3221.260009765625,4971900.0,3221.260009765625,AMZN
2020-10-02,3195.800048828125,3123.0,3153.6298828125,3125.0,5613100.0,3125.0,AMZN
2020-10-05,3202.530029296875,3140.85009765625,3145.840087890625,3199.199951171875,3775300.0,3199.199951171875,AMZN
2020-10-06,3182.0,3090.0,3165.0,3099.9599609375,5086900.0,3099.9599609375,AMZN
2020-10-07,3200.0,3132.389892578125,3135.0,3195.68994140625,4309400.0,3195.68994140625,AMZN
2020-10-08,3233.2900390625,3174.989990234375,3224.989990234375,3190.550048828125,3174100.0,3190.550048828125,AMZN
2020-10-09,3288.989990234375,3197.830078125,3210.0,3286.64990234375,4895000.0,3286.64990234375,AMZN
2020-10-12,3496.239990234375,3339.550048828125,3349.93994140625,3442.929931640625,8364200.0,3442.929931640625,AMZN
2020-10-13,3492.3798828125,3424.219970703125,3467.989990234375,3443.6298828125,5744700.0,3443.6298828125,AMZN
2020-10-14,3464.8798828125,3340.0,3447.0,3363.7099609375,5828900.0,3363.7099609375,AMZN
2020-10-15,3355.8798828125,3280.0,3292.010009765625,3338.64990234375,5223400.0,3338.64990234375,AMZN
2020-10-16,3399.659912109375,3160.0,3363.22998046875,3272.7099609375,6446500.0,3272.7099609375,AMZN
2020-10-19,3329.0,3192.739990234375,3299.610107421875,3207.2099609375,5223600.0,3207.2099609375,AMZN
2020-10-20,3266.0,3192.010009765625,3222.280029296875,3217.010009765625,4509700.0,3217.010009765625,AMZN
2020-10-21,3233.8798828125,3160.0,3212.5,3184.93994140625,4592700.0,3184.93994140625,AMZN
2020-10-22,3198.75,3121.93994140625,3189.8701171875,3176.39990234375,4212000.0,3176.39990234375,AMZN
2020-10-23,3205.330078125,3140.0,3191.0,3204.39990234375,3458900.0,3204.39990234375,AMZN
2020-10-26,3282.97998046875,3153.300048828125,3198.739990234375,3207.0400390625,5901200.0,3207.0400390625,AMZN
2020-10-27,3291.659912109375,3211.300048828125,3224.93994140625,3286.330078125,4291000.0,3286.330078125,AMZN
2020-10-28,3264.02001953125,3162.469970703125,3249.300048828125,3162.780029296875,5588300.0,3162.780029296875,AMZN
2020-10-29,3257.25,3164.0,3201.27001953125,3211.010009765625,6596500.0,3211.010009765625,AMZN
2020-10-30,3167.0,3019.0,3157.75,3036.14990234375,8386400.0,3036.14990234375,AMZN
2020-11-02,3079.7099609375,2950.1201171875,3061.739990234375,3004.47998046875,7257400.0,3004.47998046875,AMZN
2020-11-03,3074.89990234375,2980.97998046875,3018.530029296875,3048.409912109375,4897900.0,3048.409912109375,AMZN
2020-11-04,3244.85009765625,3139.72998046875,3159.989990234375,3241.159912109375,6839000.0,3241.159912109375,AMZN
2020-11-05,3366.800048828125,3288.8798828125,3319.969970703125,3322.0,5789300.0,3322.0,AMZN
2020-11-06,3322.0,3232.0,3304.639892578125,3311.3701171875,4641300.0,3311.3701171875,AMZN
2020-11-09,3289.0,3112.110107421875,3231.030029296875,3143.739990234375,7167100.0,3143.739990234375,AMZN
2020-11-10,3114.0,3019.47998046875,3095.02001953125,3035.02001953125,6591000.0,3035.02001953125,AMZN
2020-11-11,3139.14990234375,3050.0,3061.780029296875,3137.389892578125,4366900.0,3137.389892578125,AMZN
2020-11-12,3175.8798828125,3086.050048828125,3159.949951171875,3110.280029296875,4362000.0,3110.280029296875,AMZN
2020-11-13,3141.719970703125,3085.389892578125,3122.0,3128.81005859375,3756200.0,3128.81005859375,AMZN
2020-11-16,3142.699951171875,3072.68994140625,3093.199951171875,3131.06005859375,3808700.0,3131.06005859375,AMZN
2020-11-17,3189.25,3135.260009765625,3183.5400390625,3135.659912109375,3444700.0,3135.659912109375,AMZN
2020-11-18,3140.0,3105.10009765625,3134.0,3105.4599609375,2916800.0,3105.4599609375,AMZN
2020-11-19,3125.0,3080.919921875,3105.31005859375,3117.02001953125,3010300.0,3117.02001953125,AMZN
2020-11-20,3132.889892578125,3098.050048828125,3117.02001953125,3099.39990234375,3374400.0,3099.39990234375,AMZN
2020-11-23,3139.75,3065.4599609375,3116.699951171875,3098.389892578125,4708900.0,3098.389892578125,AMZN
2020-11-24,3134.25,3086.260009765625,3100.5,3118.06005859375,3602100.0,3118.06005859375,AMZN
2020-11-25,3198.0,3140.260009765625,3141.8701171875,3185.070068359375,3790400.0,3185.070068359375,AMZN
2020-11-27,3216.18994140625,3190.050048828125,3211.260009765625,3195.340087890625,2392900.0,3195.340087890625,AMZN
2020-11-30,3228.389892578125,3125.550048828125,3208.47998046875,3168.0400390625,4063900.0,3168.0400390625,AMZN
2020-12-01,3248.949951171875,3157.179931640625,3188.5,3220.080078125,4544400.0,3220.080078125,AMZN
2020-12-02,3232.0,3173.260009765625,3221.64990234375,3203.530029296875,3129300.0,3203.530029296875,AMZN
2020-12-03,3228.639892578125,3181.31005859375,3205.4599609375,3186.72998046875,2892000.0,3186.72998046875,AMZN
2020-12-04,3198.2099609375,3158.760009765625,3198.2099609375,3162.580078125,2903800.0,3162.580078125,AMZN
2020-12-07,3180.760009765625,3141.68994140625,3156.47998046875,3158.0,2751300.0,3158.0,AMZN
2020-12-08,3184.1298828125,3120.02001953125,3158.89990234375,3177.2900390625,3286300.0,3177.2900390625,AMZN
2020-12-09,3174.429931640625,3088.0,3167.889892578125,3104.199951171875,4100800.0,3104.199951171875,AMZN
2020-12-10,3142.10009765625,3076.0,3088.989990234375,3101.489990234375,3023600.0,3101.489990234375,AMZN
2020-12-11,3118.669921875,3072.820068359375,3096.659912109375,3116.419921875,3062300.0,3116.419921875,AMZN
2020-12-14,3190.469970703125,3126.0,3143.0,3156.969970703125,4155800.0,3156.969970703125,AMZN
2020-12-15,3188.5,3130.489990234375,3181.010009765625,3165.1201171875,3323700.0,3165.1201171875,AMZN
2020-12-16,3247.0,3163.679931640625,3176.010009765625,3240.9599609375,4427600.0,3240.9599609375,AMZN
2020-12-17,3263.510009765625,3221.0,3250.0,3236.080078125,3474300.0,3236.080078125,AMZN
2020-12-18,3249.419921875,3171.60009765625,3243.989990234375,3201.64990234375,5971700.0,3201.64990234375,AMZN
2020-12-21,3226.969970703125,3166.0,3200.010009765625,3206.179931640625,3828300.0,3206.179931640625,AMZN
2020-12-22,3222.0,3180.080078125,3202.840087890625,3206.52001953125,2369400.0,3206.52001953125,AMZN
2020-12-23,3210.1298828125,3184.169921875,3205.0,3185.27001953125,2093800.0,3185.27001953125,AMZN
2020-12-24,3202.0,3169.0,3193.89990234375,3172.68994140625,1451900.0,3172.68994140625,AMZN
2020-12-28,3304.0,3172.68994140625,3194.0,3283.9599609375,5674600.0,3283.9599609375,AMZN
2020-12-29,3350.64990234375,3281.219970703125,3309.93994140625,3322.0,4872900.0,3322.0,AMZN
2020-12-30,3342.10009765625,3282.469970703125,3341.0,3285.85009765625,3209300.0,3285.85009765625,AMZN
2020-12-31,3282.919921875,3241.199951171875,3275.0,3256.929931640625,2954100.0,3256.929931640625,AMZN
2019-01-02,39.712501525878906,38.557498931884766,38.72249984741211,39.47999954223633,148158800.0,38.56256103515625,AAPL
2019-01-03,36.43000030517578,35.5,35.994998931884766,35.54750061035156,365248800.0,34.72145080566406,AAPL
2019-01-04,37.13750076293945,35.95000076293945,36.13249969482422,37.06499862670898,234428400.0,36.20367813110352,AAPL
2019-01-07,37.20750045776367,36.47499847412109,37.17499923706055,36.98249816894531,219111200.0,36.12310409545898,AAPL
2019-01-08,37.95500183105469,37.130001068115234,37.38999938964844,37.6875,164101200.0,36.81171798706055,AAPL
2019-01-09,38.63249969482422,37.407501220703125,37.8224983215332,38.32749938964844,180396400.0,37.43684387207031,AAPL
2019-01-10,38.49250030517578,37.71500015258789,38.125,38.45000076293945,143122800.0,37.5565071105957,AAPL
2019-01-11,38.42499923706055,37.87749862670898,38.220001220703125,38.0724983215332,108092800.0,37.18777084350586,AAPL
2019-01-14,37.817501068115234,37.30500030517578,37.712501525878906,37.5,129756800.0,36.62857818603516,AAPL
2019-01-15,38.34749984741211,37.51250076293945,37.567501068115234,38.26750183105469,114843600.0,37.37824249267578,AAPL
2019-01-16,38.970001220703125,38.25,38.27000045776367,38.73500061035156,122278800.0,37.83488082885742,AAPL
2019-01-17,39.415000915527344,38.31499862670898,38.54999923706055,38.96500015258789,119284800.0,38.05953598022461,AAPL
2019-01-18,39.470001220703125,38.994998931884766,39.375,39.20500183105469,135004000.0,38.29394912719727,AAPL
2019-01-22,39.182498931884766,38.15499877929688,39.102500915527344,38.32500076293945,121576000.0,37.43441009521485,AAPL
2019-01-23,38.78499984741211,37.92499923706055,38.53749847412109,38.47999954223633,92522400.0,37.5858039855957,AAPL
2019-01-24,38.619998931884766,37.935001373291016,38.52750015258789,38.17499923706055,101766000.0,37.28788757324219,AAPL
2019-01-25,39.532501220703125,38.58000183105469,38.869998931884766,39.43999862670898,134142000.0,38.52349090576172,AAPL
2019-01-28,39.08250045776367,38.415000915527344,38.9474983215332,39.07500076293945,104768400.0,38.16697692871094,AAPL
2019-01-29,39.532501220703125,38.52750015258789,39.0625,38.66999816894531,166348800.0,37.77138519287109,AAPL
2019-01-30,41.53749847412109,40.057498931884766,40.8125,41.3125,244439200.0,40.35247802734375,AAPL
2019-01-31,42.25,41.13999938964844,41.52750015258789,41.61000061035156,162958400.0,40.64306640625,AAPL
2019-02-01,42.244998931884766,41.48249816894531,41.7400016784668,41.630001068115234,130672400.0,40.66260528564453,AAPL
2019-02-04,42.915000915527344,41.81999969482422,41.852500915527344,42.8125,125982000.0,41.81762313842773,AAPL
2019-02-05,43.77000045776367,43.087501525878906,43.21500015258789,43.54499816894531,144406400.0,42.53310394287109,AAPL
2019-02-06,43.89250183105469,43.212501525878906,43.66249847412109,43.560001373291016,112958400.0,42.54775619506836,AAPL
2019-02-07,43.48500061035156,42.584999084472656,43.09999847412109,42.73500061035156,126966800.0,41.74192428588867,AAPL
2019-02-08,42.665000915527344,42.10499954223633,42.247501373291016,42.602500915527344,95280000.0,41.790977478027344,AAPL
2019-02-11,42.8025016784668,42.3125,42.76250076293945,42.35749816894531,83973600.0,41.55064010620117,AAPL
2019-02-12,42.75,42.42499923706055,42.525001525878906,42.72249984741211,89134000.0,41.908687591552734,AAPL
2019-02-13,43.119998931884766,42.47999954223633,42.84749984741211,42.54499816894531,89960800.0,41.73456573486328,AAPL
2019-02-14,42.81499862670898,42.345001220703125,42.4275016784668,42.70000076293945,87342800.0,41.88661575317383,AAPL
2019-02-15,42.92499923706055,42.4375,42.8125,42.60499954223633,98507200.0,41.79342651367188,AAPL
2019-02-19,42.86000061035156,42.372501373291016,42.4275016784668,42.73249816894531,75891200.0,41.918495178222656,AAPL
2019-02-20,43.33000183105469,42.747501373291016,42.79750061035156,43.00749969482422,104457600.0,42.188255310058594,AAPL
2019-02-21,43.09249877929688,42.57500076293945,42.95000076293945,42.76499938964844,68998800.0,41.95037841796875,AAPL
2019-02-22,43.25,42.845001220703125,42.89500045776367,43.24250030517578,75652800.0,42.41878128051758,AAPL
2019-02-25,43.96749877929688,43.48749923706055,43.540000915527344,43.557498931884766,87493600.0,42.727783203125,AAPL
2019-02-26,43.82500076293945,43.29249954223633,43.4275016784668,43.58250045776367,68280800.0,42.75230026245117,AAPL
2019-02-27,43.75,43.182498931884766,43.3025016784668,43.71749877929688,111341600.0,42.88473510742188,AAPL
2019-02-28,43.727500915527344,43.22999954223633,43.58000183105469,43.28749847412109,112861600.0,42.46292495727539,AAPL
2019-03-01,43.78749847412109,43.22249984741211,43.56999969482422,43.74250030517578,103544800.0,42.90925979614258,AAPL
2019-03-04,44.4375,43.49250030517578,43.92250061035156,43.962501525878906,109744800.0,43.12506484985352,AAPL
2019-03-05,44.0,43.6349983215332,43.98500061035156,43.88249969482422,78949600.0,43.04658889770508,AAPL
2019-03-06,43.872501373291016,43.48500061035156,43.66749954223633,43.630001068115234,83241600.0,42.79890060424805,AAPL
2019-03-07,43.61000061035156,43.005001068115234,43.46749877929688,43.125,99185600.0,42.30351638793945,AAPL
2019-03-08,43.26750183105469,42.375,42.58000183105469,43.227500915527344,95997600.0,42.40406799316406,AAPL
2019-03-11,44.77999877929688,43.837501525878906,43.872501373291016,44.72499847412109,128044000.0,43.87303924560547,AAPL
2019-03-12,45.66749954223633,44.84249877929688,45.0,45.227500915527344,129870400.0,44.36597442626953,AAPL
2019-03-13,45.82500076293945,45.22999954223633,45.5625,45.4275016784668,124130000.0,44.56216430664063,AAPL
2019-03-14,46.025001525878906,45.63999938964844,45.97499847412109,45.932498931884766,94318000.0,45.05754089355469,AAPL
2019-03-15,46.83250045776367,45.935001373291016,46.212501525878906,46.52999877929688,156171600.0,45.64365768432617,AAPL
2019-03-18,47.09749984741211,46.4474983215332,46.45000076293945,47.005001068115234,104879200.0,46.10961532592773,AAPL
2019-03-19,47.247501373291016,46.47999954223633,47.087501525878906,46.63249969482422,126585600.0,45.74420928955078,AAPL
2019-03-20,47.372501373291016,46.182498931884766,46.557498931884766,47.040000915527344,124140800.0,46.14394378662109,AAPL
2019-03-21,49.08250045776367,47.45249938964844,47.505001068115234,48.772499084472656,204136800.0,47.84343719482422,AAPL
2019-03-22,49.42250061035156,47.69499969482422,48.834999084472656,47.76250076293945,169630800.0,46.85268020629883,AAPL
2019-03-25,47.994998931884766,46.650001525878906,47.87749862670898,47.185001373291016,175381200.0,46.28617858886719,AAPL
2019-03-26,48.220001220703125,46.14500045776367,47.915000915527344,46.6974983215332,199202000.0,45.80796051025391,AAPL
2019-03-27,47.43999862670898,46.63750076293945,47.1875,47.11750030517578,119393600.0,46.21996307373047,AAPL
2019-03-28,47.38999938964844,46.88249969482422,47.23749923706055,47.18000030517578,83121600.0,46.2812728881836,AAPL
2019-03-29,47.52000045776367,47.1349983215332,47.45750045776367,47.48749923706055,94256000.0,46.582916259765625,AAPL
2019-04-01,47.91999816894531,47.095001220703125,47.90999984741211,47.810001373291016,111448000.0,46.89927673339844,AAPL
2019-04-02,48.6150016784668,47.76250076293945,47.772499084472656,48.505001068115234,91062800.0,47.5810432434082,AAPL
2019-04-03,49.125,48.28749847412109,48.3125,48.837501525878906,93087200.0,47.90720748901367,AAPL
2019-04-04,49.09249877929688,48.28499984741211,48.6974983215332,48.92250061035156,76457200.0,47.99058532714844,AAPL
2019-04-05,49.275001525878906,48.98249816894531,49.11249923706055,49.25,74106400.0,48.31184387207031,AAPL
2019-04-08,50.057498931884766,49.084999084472656,49.10499954223633,50.025001525878906,103526800.0,49.072078704833984,AAPL
2019-04-09,50.712501525878906,49.807498931884766,50.08000183105469,49.875,143072800.0,48.92494201660156,AAPL
2019-04-10,50.185001373291016,49.54499816894531,49.66999816894531,50.15499877929688,86781200.0,49.19960784912109,AAPL
2019-04-11,50.25,49.61000061035156,50.212501525878906,49.73749923706055,83603200.0,48.79005813598633,AAPL
2019-04-12,50.03499984741211,49.0525016784668,49.79999923706055,49.71749877929688,111042800.0,48.77044296264648,AAPL
2019-04-15,49.962501525878906,49.50249862670898,49.64500045776367,49.807498931884766,70146400.0,48.85872268676758,AAPL
2019-04-16,50.34249877929688,49.63999938964844,49.8650016784668,49.8125,102785600.0,48.86362838745117,AAPL
2019-04-17,50.845001220703125,49.65250015258789,49.8849983215332,50.782501220703125,115627200.0,49.81515502929688,AAPL
2019-04-18,51.03749847412109,50.630001068115234,50.77999877929688,50.96500015258789,96783200.0,49.994178771972656,AAPL
2019-04-22,51.23500061035156,50.584999084472656,50.70750045776367,51.13249969482422,77758000.0,50.15848922729492,AAPL
2019-04-23,51.9375,50.97499847412109,51.10749816894531,51.869998931884766,93292000.0,50.88193893432617,AAPL
2019-04-24,52.119998931884766,51.76250076293945,51.84000015258789,51.790000915527344,70162400.0,50.80346298217773,AAPL
2019-04-25,51.93999862670898,51.27999877929688,51.70750045776367,51.31999969482422,74172800.0,50.3424186706543,AAPL
2019-04-26,51.25,50.52999877929688,51.22499847412109,51.07500076293945,74596400.0,50.10208511352539,AAPL
2019-04-29,51.49250030517578,50.96500015258789,51.09999847412109,51.15250015258789,88818800.0,50.178104400634766,AAPL
2019-04-30,50.84999847412109,49.77750015258789,50.76499938964844,50.16749954223633,186139600.0,49.21186447143555,AAPL
2019-05-01,53.82749938964844,52.307498931884766,52.470001220703125,52.630001068115234,259309200.0,51.62746047973633,AAPL
2019-05-02,53.16249847412109,52.032501220703125,52.459999084472656,52.28749847412109,127985200.0,51.29148483276367,AAPL
2019-05-03,52.959999084472656,52.557498931884766,52.72249984741211,52.9375,83569600.0,51.929107666015625,AAPL
2019-05-06,52.209999084472656,50.875,51.0724983215332,52.119998931884766,129772400.0,51.12717819213867,AAPL
2019-05-07,51.85499954223633,50.20750045776367,51.470001220703125,50.71500015258789,155054800.0,49.74893951416016,AAPL
2019-05-08,51.334999084472656,50.4375,50.47499847412109,50.72499847412109,105358000.0,49.75874710083008,AAPL
2019-05-09,50.41999816894531,49.165000915527344,50.09999847412109,50.18000030517578,139634400.0,49.2241325378418,AAPL
2019-05-10,49.712501525878906,48.192501068115234,49.35499954223633,49.29499816894531,164834800.0,48.54220581054688,AAPL
2019-05-13,47.369998931884766,45.712501525878906,46.9275016784668,46.43000030517578,229722400.0,45.72096252441406,AAPL
2019-05-14,47.42499923706055,46.352500915527344,46.602500915527344,47.165000915527344,146118800.0,46.44473648071289,AAPL
2019-05-15,47.9375,46.505001068115234,46.567501068115234,47.72999954223633,106178800.0,47.001102447509766,AAPL
2019-05-16,48.11750030517578,47.209999084472656,47.477500915527344,47.52000045776367,132125600.0,46.79431915283203,AAPL
2019-05-17,47.72499847412109,46.68999862670898,46.73249816894531,47.25,131516400.0,46.528438568115234,AAPL
2019-05-20,46.087501525878906,45.06999969482422,45.880001068115234,45.772499084472656,154449200.0,45.0734977722168,AAPL
2019-05-21,47.0,46.17499923706055,46.30500030517578,46.650001525878906,113459200.0,45.93760299682617,AAPL
2019-05-22,46.4275016784668,45.63750076293945,46.165000915527344,45.69499969482422,118994400.0,44.99718475341797,AAPL
2019-05-23,45.1349983215332,44.45249938964844,44.95000076293945,44.915000915527344,146118800.0,44.22909927368164,AAPL
2019-05-24,45.53499984741211,44.65499877929688,45.04999923706055,44.74250030517578,94858800.0,44.05923080444336,AAPL
2019-05-28,45.147499084472656,44.477500915527344,44.72999954223633,44.557498931884766,111792800.0,43.87705612182617,AAPL
2019-05-29,44.837501525878906,44.0,44.10499954223633,44.345001220703125,113924800.0,43.66780090332031,AAPL
2019-05-30,44.807498931884766,44.16749954223633,44.48749923706055,44.57500076293945,84873600.0,43.894287109375,AAPL
2019-05-31,44.497501373291016,43.747501373291016,44.057498931884766,43.76750183105469,108174400.0,43.099117279052734,AAPL
2019-06-03,44.47999954223633,42.567501068115234,43.900001525878906,43.32500076293945,161584400.0,42.66337585449219,AAPL
2019-06-04,44.95750045776367,43.630001068115234,43.86000061035156,44.90999984741211,123872000.0,44.22417449951172,AAPL
2019-06-05,46.247501373291016,45.28499984741211,46.06999969482422,45.6349983215332,119093600.0,44.9380989074707,AAPL
2019-06-06,46.36750030517578,45.53749847412109,45.77000045776367,46.30500030517578,90105200.0,45.59786605834961,AAPL
2019-06-07,47.97999954223633,46.442501068115234,46.62749862670898,47.53749847412109,122737600.0,46.81155014038086,AAPL
2019-06-10,48.84249877929688,47.90499877929688,47.95249938964844,48.14500045776367,104883600.0,47.409767150878906,AAPL
2019-06-11,49.0,48.400001525878906,48.71500015258789,48.70249938964844,107731600.0,47.9587516784668,AAPL
2019-06-12,48.99250030517578,48.34749984741211,48.48749923706055,48.54750061035156,73012800.0,47.80612564086914,AAPL
2019-06-13,49.1974983215332,48.400001525878906,48.67499923706055,48.53749847412109,86698400.0,47.79627227783203,AAPL
2019-06-14,48.397499084472656,47.57500076293945,47.88750076293945,48.185001373291016,75046000.0,47.44915390014648,AAPL
2019-06-17,48.7400016784668,48.04249954223633,48.22499847412109,48.47249984741211,58676400.0,47.732269287109375,AAPL
2019-06-18,50.0724983215332,48.8025016784668,49.01250076293945,49.61249923706055,106204000.0,48.8548583984375,AAPL
2019-06-19,49.970001220703125,49.32749938964844,49.91999816894531,49.46749877929688,84496800.0,48.71207046508789,AAPL
2019-06-20,50.15250015258789,49.50749969482422,50.09249877929688,49.8650016784668,86056000.0,49.10350036621094,AAPL
2019-06-21,50.212501525878906,49.53749847412109,49.70000076293945,49.69499969482422,191202400.0,48.93609237670898,AAPL
2019-06-24,50.040000915527344,49.54249954223633,49.6349983215332,49.64500045776367,72881600.0,48.886863708496094,AAPL
2019-06-25,49.81499862670898,48.8224983215332,49.60749816894531,48.89250183105469,84281200.0,48.14585494995117,AAPL
2019-06-26,50.247501373291016,49.337501525878906,49.442501068115234,49.95000076293945,104270000.0,49.18720626831055,AAPL
2019-06-27,50.39250183105469,49.89250183105469,50.0724983215332,49.935001373291016,83598800.0,49.17243576049805,AAPL
2019-06-28,49.875,49.26250076293945,49.66999816894531,49.47999954223633,124442400.0,48.72438430786133,AAPL
2019-07-01,51.122501373291016,50.16249847412109,50.79249954223633,50.38750076293945,109012000.0,49.61802673339844,AAPL
2019-07-02,50.782501220703125,50.34000015258789,50.352500915527344,50.682498931884766,67740800.0,49.90851211547852,AAPL
2019-07-03,51.11000061035156,50.67250061035156,50.81999969482422,51.102500915527344,45448000.0,50.32210159301758,AAPL
2019-07-05,51.27000045776367,50.72499847412109,50.837501525878906,51.057498931884766,69062000.0,50.27779006958008,AAPL
2019-07-08,50.34999847412109,49.602500915527344,50.20249938964844,50.005001068115234,101354400.0,49.24135971069336,AAPL
2019-07-09,50.37749862670898,49.70249938964844,49.79999923706055,50.310001373291016,82312000.0,49.54171371459961,AAPL
2019-07-10,50.932498931884766,50.38999938964844,50.462501525878906,50.807498931884766,71588400.0,50.03161239624024,AAPL
2019-07-11,51.09749984741211,50.4275016784668,50.82749938964844,50.4375,80767200.0,49.667259216308594,AAPL
2019-07-12,51.0,50.54999923706055,50.61249923706055,50.82500076293945,70380800.0,50.04884719848633,AAPL
2019-07-15,51.46749877929688,51.0,51.022499084472656,51.3025016784668,67789600.0,50.51905059814453,AAPL
2019-07-16,51.52750015258789,50.875,51.147499084472656,51.125,67467200.0,50.34425735473633,AAPL
2019-07-17,51.272499084472656,50.817501068115234,51.01250076293945,50.837501525878906,56430000.0,50.061153411865234,AAPL
2019-07-18,51.470001220703125,50.92499923706055,51.0,51.415000915527344,74162400.0,50.62983322143555,AAPL
2019-07-19,51.625,50.59000015258789,51.4474983215332,50.647499084472656,83717200.0,49.874053955078125,AAPL
2019-07-22,51.807498931884766,50.90250015258789,50.91249847412109,51.80500030517578,89111600.0,51.01387405395508,AAPL
2019-07-23,52.227500915527344,51.8224983215332,52.1150016784668,52.209999084472656,73420800.0,51.412689208984375,AAPL
2019-07-24,52.28749847412109,51.79249954223633,51.91749954223633,52.16749954223633,59966400.0,51.370849609375,AAPL
2019-07-25,52.310001373291016,51.682498931884766,52.22249984741211,51.755001068115234,55638400.0,50.96464157104492,AAPL
2019-07-26,52.432498931884766,51.78499984741211,51.869998931884766,51.935001373291016,70475600.0,51.14189147949219,AAPL
2019-07-29,52.65999984741211,52.11000061035156,52.1150016784668,52.41999816894531,86693600.0,51.61948013305664,AAPL
2019-07-30,52.540000915527344,51.82749938964844,52.18999862670898,52.19499969482422,135742800.0,51.39791870117188,AAPL
2019-07-31,55.34249877929688,52.82500076293945,54.10499954223633,53.2599983215332,277125600.0,52.446659088134766,AAPL
2019-08-01,54.50749969482422,51.685001373291016,53.47499847412109,52.10749816894531,216071600.0,51.3117561340332,AAPL
2019-08-02,51.60749816894531,50.407501220703125,51.38249969482422,51.005001068115234,163448400.0,50.22609329223633,AAPL
2019-08-05,49.66249847412109,48.14500045776367,49.497501373291016,48.334999084472656,209572000.0,47.59685897827149,AAPL
2019-08-06,49.51750183105469,48.5099983215332,49.07749938964844,49.25,143299200.0,48.497894287109375,AAPL
2019-08-07,49.88999938964844,48.45500183105469,48.852500915527344,49.7599983215332,133457600.0,49.00010299682617,AAPL
2019-08-08,50.88249969482422,49.84749984741211,50.04999923706055,50.85749816894531,108038000.0,50.08084487915039,AAPL
2019-08-09,50.68999862670898,49.8224983215332,50.32500076293945,50.247501373291016,98478800.0,49.66815948486328,AAPL
2019-08-12,50.51250076293945,49.78749847412109,49.90499877929688,50.119998931884766,89927600.0,49.5421257019043,AAPL
2019-08-13,53.03499984741211,50.119998931884766,50.255001068115234,52.24250030517578,188874000.0,51.64015579223633,AAPL
2019-08-14,51.61000061035156,50.647499084472656,50.790000915527344,50.6875,146189600.0,50.10308837890625,AAPL
2019-08-15,51.28499984741211,49.91749954223633,50.8650016784668,50.435001373291016,108909600.0,49.85350036621094,AAPL
2019-08-16,51.790000915527344,50.959999084472656,51.06999969482422,51.625,110481600.0,51.02977752685547,AAPL
2019-08-19,53.182498931884766,52.50749969482422,52.65499877929688,52.587501525878906,97654400.0,51.98118209838867,AAPL
2019-08-20,53.337501525878906,52.58000183105469,52.720001220703125,52.59000015258789,107537200.0,51.9836540222168,AAPL
2019-08-21,53.41249847412109,52.900001525878906,53.247501373291016,53.15999984741211,86141600.0,52.54708099365234,AAPL
2019-08-22,53.61000061035156,52.6875,53.29750061035156,53.1150016784668,89014800.0,52.50259780883789,AAPL
2019-08-23,53.01250076293945,50.25,52.35749816894531,50.65999984741211,187272000.0,50.075904846191406,AAPL
2019-08-26,51.79750061035156,51.26499938964844,51.46500015258789,51.622501373291016,104174400.0,51.027305603027344,AAPL
2019-08-27,52.13750076293945,50.88249969482422,51.96500015258789,51.040000915527344,103493200.0,50.45151901245117,AAPL
2019-08-28,51.43000030517578,50.83000183105469,51.025001525878906,51.38249969482422,63755200.0,50.79007339477539,AAPL
2019-08-29,52.33000183105469,51.665000915527344,52.125,52.25249862670898,83962000.0,51.65003967285156,AAPL
2019-08-30,52.61249923706055,51.79999923706055,52.540000915527344,52.185001373291016,84573600.0,51.58332443237305,AAPL
2019-09-03,51.744998931884766,51.05500030517578,51.60749816894531,51.42499923706055,80092000.0,50.83208084106445,AAPL
2019-09-04,52.369998931884766,51.83000183105469,52.09749984741211,52.29750061035156,76752400.0,51.694522857666016,AAPL
2019-09-05,53.49250030517578,52.87749862670898,53.0,53.31999969482422,95654800.0,52.70523452758789,AAPL
2019-09-06,53.60499954223633,53.12749862670898,53.51250076293945,53.31499862670898,77449200.0,52.700286865234375,AAPL
2019-09-09,54.11000061035156,52.76750183105469,53.709999084472656,53.54249954223633,109237600.0,52.9251708984375,AAPL
2019-09-10,54.19499969482422,52.9275016784668,53.46500015258789,54.17499923706055,127111600.0,53.55037307739258,AAPL
2019-09-11,55.9275016784668,54.432498931884766,54.51750183105469,55.897499084472656,177158400.0,55.25301742553711,AAPL
2019-09-12,56.60499954223633,55.71500015258789,56.20000076293945,55.772499084472656,128906800.0,55.12945938110352,AAPL
2019-09-13,55.1974983215332,54.255001068115234,55.0,54.6875,159053200.0,54.05696487426758,AAPL
2019-09-16,55.032501220703125,54.38999938964844,54.432498931884766,54.97499847412109,84632400.0,54.34115219116211,AAPL
2019-09-17,55.20500183105469,54.77999877929688,54.9900016784668,55.17499923706055,73274800.0,54.53884506225586,AAPL
2019-09-18,55.712501525878906,54.86000061035156,55.26499938964844,55.692501068115234,101360000.0,55.050384521484375,AAPL
2019-09-19,55.93999862670898,55.09249877929688,55.50249862670898,55.2400016784668,88242400.0,54.60310363769531,AAPL
2019-09-20,55.63999938964844,54.36750030517578,55.345001220703125,54.432498931884766,221652400.0,53.80490112304688,AAPL
2019-09-23,54.959999084472656,54.41249847412109,54.73749923706055,54.68000030517578,76662000.0,54.04955673217773,AAPL
2019-09-24,55.622501373291016,54.29750061035156,55.25749969482422,54.41999816894531,124763200.0,53.79254913330078,AAPL
2019-09-25,55.375,54.28499984741211,54.63750076293945,55.25749969482422,87613600.0,54.62039566040039,AAPL
2019-09-26,55.23500061035156,54.70750045776367,55.0,54.97249984741211,75334000.0,54.33868408203125,AAPL
2019-09-27,55.2400016784668,54.31999969482422,55.1349983215332,54.70500183105469,101408000.0,54.07426834106445,AAPL
2019-09-30,56.14500045776367,55.1974983215332,55.22499847412109,55.99250030517578,103909600.0,55.34692001342773,AAPL
2019-10-01,57.05500030517578,56.04999923706055,56.26750183105469,56.147499084472656,139223200.0,55.5001335144043,AAPL
2019-10-02,55.89500045776367,54.48249816894531,55.76499938964844,54.7400016784668,138449200.0,54.108863830566406,AAPL
2019-10-03,55.2400016784668,53.782501220703125,54.60749816894531,55.20500183105469,114426000.0,54.56849670410156,AAPL
2019-10-04,56.872501373291016,55.97249984741211,56.40999984741211,56.75249862670898,138478800.0,56.0981559753418,AAPL
2019-10-07,57.48249816894531,56.459999084472656,56.567501068115234,56.76499938964844,122306000.0,56.11051559448242,AAPL
2019-10-08,57.01499938964844,56.08250045776367,56.45500183105469,56.09999847412109,111820000.0,55.45317840576172,AAPL
2019-10-09,56.9474983215332,56.40999984741211,56.75749969482422,56.75749969482422,74770400.0,56.10309982299805,AAPL
2019-10-10,57.61000061035156,56.82500076293945,56.98249816894531,57.522499084472656,113013600.0,56.859283447265625,AAPL
2019-10-11,59.40999984741211,58.07749938964844,58.23749923706055,59.0525016784668,166795600.0,58.37164306640625,AAPL
2019-10-14,59.532501220703125,58.66749954223633,58.72499847412109,58.96749877929688,96427600.0,58.2876205444336,AAPL
2019-10-15,59.41249847412109,58.720001220703125,59.09749984741211,58.83000183105469,87360000.0,58.15171051025391,AAPL
2019-10-16,58.810001373291016,58.29999923706055,58.34249877929688,58.59249877929688,73903200.0,57.91694641113281,AAPL
2019-10-17,59.03749847412109,58.380001068115234,58.772499084472656,58.81999969482422,67585200.0,58.14181900024414,AAPL
2019-10-18,59.39500045776367,58.5724983215332,58.647499084472656,59.102500915527344,97433600.0,58.42106628417969,AAPL
2019-10-21,60.247501373291016,59.33000183105469,59.380001068115234,60.12749862670898,87247200.0,59.43424606323242,AAPL
2019-10-22,60.54999923706055,59.90499877929688,60.290000915527344,59.9900016784668,82293600.0,59.298336029052734,AAPL
2019-10-23,60.810001373291016,60.30500030517578,60.525001525878906,60.79499816894531,75828800.0,60.09404754638672,AAPL
2019-10-24,61.20000076293945,60.45249938964844,61.12749862670898,60.89500045776367,69275200.0,60.1928939819336,AAPL
2019-10-25,61.682498931884766,60.720001220703125,60.790000915527344,61.64500045776367,73477200.0,60.93425369262695,AAPL
2019-10-28,62.3125,61.68000030517578,61.85499954223633,62.26250076293945,96572800.0,61.54462814331055,AAPL
2019-10-29,62.4375,60.64250183105469,62.24250030517578,60.8224983215332,142839600.0,60.12123107910156,AAPL
2019-10-30,61.32500076293945,60.3025016784668,61.18999862670898,60.81499862670898,124522000.0,60.11381530761719,AAPL
2019-10-31,62.29249954223633,59.31499862670898,61.810001373291016,62.18999862670898,139162000.0,61.47296142578125,AAPL
2019-11-01,63.98249816894531,62.290000915527344,62.3849983215332,63.95500183105469,151125200.0,63.21761703491211,AAPL
2019-11-04,64.4625015258789,63.845001220703125,64.3324966430664,64.375,103272000.0,63.63276672363281,AAPL
2019-11-05,64.54750061035156,64.08000183105469,64.26249694824219,64.28250122070312,79897600.0,63.54134368896485,AAPL
2019-11-06,64.37249755859375,63.84249877929688,64.19249725341797,64.30999755859375,75864400.0,63.56851959228516,AAPL
2019-11-07,65.0875015258789,64.52749633789062,64.68499755859375,64.85749816894531,94940400.0,64.30218505859375,AAPL
2019-11-08,65.11000061035156,64.2125015258789,64.67250061035156,65.03500366210938,69986400.0,64.47816467285156,AAPL
2019-11-11,65.61750030517578,64.56999969482422,64.57499694824219,65.55000305175781,81821200.0,64.98876953125,AAPL
2019-11-12,65.69750213623047,65.2300033569336,65.38749694824219,65.48999786376953,87388800.0,64.92926788330078,AAPL
2019-11-13,66.19499969482422,65.26750183105469,65.28250122070312,66.11750030517578,102734400.0,65.55139923095703,AAPL
2019-11-14,66.22000122070312,65.5250015258789,65.9375,65.66000366210938,89182800.0,65.09781646728516,AAPL
2019-11-15,66.44499969482422,65.75250244140625,65.91999816894531,66.44000244140625,100206400.0,65.87113952636719,AAPL
2019-11-18,66.85749816894531,66.05750274658203,66.44999694824219,66.7750015258789,86703200.0,66.2032699584961,AAPL
2019-11-19,67.0,66.34750366210938,66.9749984741211,66.57250213623047,76167200.0,66.00250244140625,AAPL
2019-11-20,66.5199966430664,65.0999984741211,66.38500213623047,65.79750061035156,106234400.0,65.23414611816406,AAPL
2019-11-21,66.00250244140625,65.29499816894531,65.92250061035156,65.50250244140625,121395200.0,64.94166564941406,AAPL
2019-11-22,65.79499816894531,65.20999908447266,65.64749908447266,65.44499969482422,65325200.0,64.88465118408203,AAPL
2019-11-25,66.61000061035156,65.62999725341797,65.67749786376953,66.59249877929688,84020400.0,66.02232360839844,AAPL
2019-11-26,66.79000091552734,65.625,66.73500061035156,66.07250213623047,105207600.0,65.50679016113281,AAPL
2019-11-27,66.99500274658203,66.32749938964844,66.3949966430664,66.95999908447266,65235600.0,66.38668060302734,AAPL
2019-11-29,67.0,66.4749984741211,66.6500015258789,66.8125,46617600.0,66.24044799804688,AAPL
2019-12-02,67.0625,65.86250305175781,66.81749725341797,66.04000091552734,94487200.0,65.47456359863281,AAPL
2019-12-03,64.88249969482422,64.07250213623047,64.57749938964844,64.86250305175781,114430400.0,64.3071517944336,AAPL
2019-12-04,65.82749938964844,65.16999816894531,65.26750183105469,65.43499755859375,67181600.0,64.87474060058594,AAPL
2019-12-05,66.47250366210938,65.68250274658203,65.94750213623047,66.3949966430664,74424400.0,65.82652282714844,AAPL
2019-12-06,67.75,66.82499694824219,66.87000274658203,67.67749786376953,106075600.0,67.09803009033203,AAPL
2019-12-09,67.69999694824219,66.22750091552734,67.5,66.7300033569336,128042400.0,66.15865325927734,AAPL
2019-12-10,67.51750183105469,66.46499633789062,67.1500015258789,67.12000274658203,90420400.0,66.54531860351562,AAPL
2019-12-11,67.7750015258789,67.125,67.20249938964844,67.69249725341797,78756800.0,67.1129150390625,AAPL
2019-12-12,68.13999938964844,66.83000183105469,66.94499969482422,67.86499786376953,137310400.0,67.28392791748047,AAPL
2019-12-13,68.82499694824219,67.73249816894531,67.86499786376953,68.7874984741211,133587600.0,68.19853973388672,AAPL
2019-12-16,70.19750213623047,69.24500274658203,69.25,69.96499633789062,128186000.0,69.36595153808594,AAPL
2019-12-17,70.44249725341797,69.69999694824219,69.89250183105469,70.10250091552734,114158400.0,69.50227355957031,AAPL
2019-12-18,70.4749984741211,69.77999877929688,69.94999694824219,69.93499755859375,116028400.0,69.33621215820312,AAPL
2019-12-19,70.29499816894531,69.73750305175781,69.875,70.00499725341797,98369200.0,69.40560913085938,AAPL
2019-12-20,70.6624984741211,69.63999938964844,70.55750274658203,69.86000061035156,275978000.0,69.26185607910156,AAPL
2019-12-23,71.0625,70.09249877929688,70.13249969482422,71.0,98572000.0,70.39208984375,AAPL
2019-12-24,71.22250366210938,70.7300033569336,71.17250061035156,71.06749725341797,48478800.0,70.4590072631836,AAPL
2019-12-26,72.49500274658203,71.17500305175781,71.20500183105469,72.47750091552734,93121200.0,71.85694122314453,AAPL
2019-12-27,73.49250030517578,72.02999877929688,72.77999877929688,72.44999694824219,146266000.0,71.82967376708984,AAPL
2019-12-30,73.17250061035156,71.30500030517578,72.36499786376953,72.87999725341797,144114400.0,72.25599670410156,AAPL
2019-12-31,73.41999816894531,72.37999725341797,72.48249816894531,73.4124984741211,100805600.0,72.783935546875,AAPL
2020-01-02,75.1500015258789,73.79750061035156,74.05999755859375,75.0875015258789,135480400.0,74.4446029663086,AAPL
2020-01-03,75.1449966430664,74.125,74.2874984741211,74.35749816894531,146322800.0,73.72084045410156,AAPL
2020-01-06,74.98999786376953,73.1875,73.44750213623047,74.94999694824219,118387200.0,74.30826568603516,AAPL
2020-01-07,75.2249984741211,74.37000274658203,74.95999908447266,74.59750366210938,108872000.0,73.95879364013672,AAPL
2020-01-08,76.11000061035156,74.29000091552734,74.29000091552734,75.79750061035156,132079200.0,75.14852142333984,AAPL
2020-01-09,77.60749816894531,76.55000305175781,76.80999755859375,77.40750122070312,170108400.0,76.7447280883789,AAPL
2020-01-10,78.1675033569336,77.0625,77.6500015258789,77.5824966430664,140644800.0,76.91822052001953,AAPL
2020-01-13,79.26750183105469,77.7874984741211,77.91000366210938,79.23999786376953,121532000.0,78.56153106689453,AAPL
2020-01-14,79.39250183105469,78.0425033569336,79.17500305175781,78.16999816894531,161954400.0,77.50070190429688,AAPL
2020-01-15,78.875,77.38749694824219,77.9625015258789,77.83499908447266,121923600.0,77.16856384277344,AAPL
2020-01-16,78.92500305175781,78.02249908447266,78.39749908447266,78.80999755859375,108829200.0,78.13522338867188,AAPL
2020-01-17,79.68499755859375,78.75,79.06749725341797,79.68250274658203,137816400.0,79.000244140625,AAPL
2020-01-21,79.75499725341797,79.0,79.29750061035156,79.14250183105469,110843200.0,78.46488189697266,AAPL
2020-01-22,79.99749755859375,79.32749938964844,79.6449966430664,79.42500305175781,101832400.0,78.74495697021484,AAPL
2020-01-23,79.88999938964844,78.9124984741211,79.4800033569336,79.80750274658203,104472000.0,79.12418365478516,AAPL
2020-01-24,80.8324966430664,79.37999725341797,80.0625,79.57749938964844,146537600.0,78.89614868164062,AAPL
2020-01-27,77.94249725341797,76.22000122070312,77.51499938964844,77.23750305175781,161940000.0,76.57618713378906,AAPL
2020-01-28,79.5999984741211,78.04750061035156,78.1500015258789,79.42250061035156,162234000.0,78.74247741699219,AAPL
2020-01-29,81.9625015258789,80.34500122070312,81.11250305175781,81.08499908447266,216229200.0,80.3907470703125,AAPL
2020-01-30,81.02249908447266,79.6875,80.13500213623047,80.96749877929688,126743200.0,80.27424621582031,AAPL
2020-01-31,80.66999816894531,77.07250213623047,80.23249816894531,77.37750244140625,199588400.0,76.7149887084961,AAPL
2020-02-03,78.37249755859375,75.55500030517578,76.07499694824219,77.16500091552734,173985600.0,76.50431060791016,AAPL
2020-02-04,79.91000366210938,78.40750122070312,78.82749938964844,79.7125015258789,136616400.0,79.02999877929688,AAPL
2020-02-05,81.19000244140625,79.73750305175781,80.87999725341797,80.36250305175781,118826800.0,79.6744384765625,AAPL
2020-02-06,81.30500030517578,80.06500244140625,80.64250183105469,81.30249786376953,105425600.0,80.60638427734375,AAPL
2020-02-07,80.8499984741211,79.5,80.59249877929688,80.00749969482422,117684000.0,79.51072692871094,AAPL
2020-02-10,80.38749694824219,78.4625015258789,78.54499816894531,80.38749694824219,109348800.0,79.88835906982422,AAPL
2020-02-11,80.9749984741211,79.67749786376953,80.9000015258789,79.90249633789062,94323200.0,79.4063720703125,AAPL
2020-02-12,81.80500030517578,80.36750030517578,80.36750030517578,81.80000305175781,113730400.0,81.29209899902344,AAPL
2020-02-13,81.55500030517578,80.8375015258789,81.04750061035156,81.21749877929688,94747600.0,80.71321868896484,AAPL
2020-02-14,81.49500274658203,80.7125015258789,81.18499755859375,81.23750305175781,80113600.0,80.73308563232422,AAPL
2020-02-18,79.9375,78.65249633789062,78.83999633789062,79.75,152531200.0,79.25482177734375,AAPL
2020-02-19,81.14250183105469,80.0,80.0,80.90499877929688,93984000.0,80.40264892578125,AAPL
2020-02-20,81.1624984741211,79.55249786376953,80.65750122070312,80.07499694824219,100566000.0,79.57780456542969,AAPL
2020-02-21,80.11250305175781,77.625,79.65499877929688,78.26249694824219,129554000.0,77.77655792236328,AAPL
2020-02-24,76.04499816894531,72.30750274658203,74.31500244140625,74.54499816894531,222195200.0,74.08214569091797,AAPL
2020-02-25,75.63249969482422,71.53250122070312,75.23750305175781,72.0199966430664,230673600.0,71.57282257080078,AAPL
2020-02-26,74.47000122070312,71.625,71.63249969482422,73.1624984741211,198054800.0,72.70822143554688,AAPL
2020-02-27,71.5,68.23999786376953,70.2750015258789,68.37999725341797,320605600.0,67.9554214477539,AAPL
2020-02-28,69.60250091552734,64.09249877929688,64.31500244140625,68.33999633789062,426884800.0,67.91566467285156,AAPL
2020-03-02,75.36000061035156,69.43000030517578,70.56999969482422,74.70249938964844,341397200.0,74.23866271972656,AAPL
2020-03-03,76.0,71.44999694824219,75.9175033569336,72.33000183105469,319475600.0,71.88089752197266,AAPL
2020-03-04,75.8499984741211,73.28250122070312,74.11000061035156,75.68499755859375,219178400.0,75.2150650024414,AAPL
2020-03-05,74.88749694824219,72.85250091552734,73.87999725341797,73.2300033569336,187572800.0,72.77530670166016,AAPL
2020-03-06,72.70500183105469,70.30750274658203,70.5,72.25749969482422,226176800.0,71.80884552001953,AAPL
2020-03-09,69.52249908447266,65.75,65.9375,66.5425033569336,286744800.0,66.12933349609375,AAPL
2020-03-10,71.61000061035156,67.34249877929688,69.28500366210938,71.33499908447266,285290000.0,70.89207458496094,AAPL
2020-03-11,70.30500030517578,67.96499633789062,69.34750366210938,68.85749816894531,255598800.0,68.4299545288086,AAPL
2020-03-12,67.5,62.0,63.98500061035156,62.057498931884766,418474000.0,61.672176361083984,AAPL
2020-03-13,69.9800033569336,63.23749923706055,66.22250366210938,69.49250030517578,370732000.0,69.0610122680664,AAPL
2020-03-16,64.7699966430664,60.0,60.48749923706055,60.5525016784668,322423600.0,60.1765251159668,AAPL
2020-03-17,64.40249633789062,59.59999847412109,61.87749862670898,63.21500015258789,324056000.0,62.82249069213867,AAPL
2020-03-18,62.5,59.27999877929688,59.942501068115234,61.66749954223633,300233600.0,61.28459930419922,AAPL
2020-03-19,63.209999084472656,60.65250015258789,61.84749984741211,61.19499969482422,271857200.0,60.815032958984375,AAPL
2020-03-20,62.95750045776367,57.0,61.79499816894531,57.310001373291016,401693200.0,56.95415496826172,AAPL
2020-03-23,57.125,53.15250015258789,57.02000045776367,56.09249877929688,336752800.0,55.74421691894531,AAPL
2020-03-24,61.92250061035156,58.57500076293945,59.09000015258789,61.720001220703125,287531200.0,61.33677291870117,AAPL
2020-03-25,64.5625,61.07500076293945,62.6875,61.380001068115234,303602000.0,60.99888610839844,AAPL
2020-03-26,64.66999816894531,61.59000015258789,61.630001068115234,64.61000061035156,252087200.0,64.20883178710938,AAPL
2020-03-27,63.96749877929688,61.76250076293945,63.1875,61.935001373291016,204216800.0,61.550437927246094,AAPL
2020-03-30,63.880001068115234,62.34999847412109,62.685001373291016,63.70249938964844,167976400.0,63.30696105957031,AAPL
2020-03-31,65.62249755859375,63.0,63.900001525878906,63.5724983215332,197002000.0,63.17776870727539,AAPL
2020-04-01,62.18000030517578,59.782501220703125,61.625,60.227500915527344,176218400.0,59.8535385131836,AAPL
2020-04-02,61.28749847412109,59.22499847412109,60.084999084472656,61.23249816894531,165934000.0,60.852294921875,AAPL
2020-04-03,61.42499923706055,59.74250030517578,60.70000076293945,60.352500915527344,129880000.0,59.97776794433594,AAPL
2020-04-06,65.77749633789062,62.345001220703125,62.72499847412109,65.61750030517578,201820400.0,65.21006774902344,AAPL
2020-04-07,67.92500305175781,64.75,67.69999694824219,64.85749816894531,202887200.0,64.45479583740234,AAPL
2020-04-08,66.84249877929688,65.30750274658203,65.68499755859375,66.51750183105469,168895200.0,66.10448455810547,AAPL
2020-04-09,67.51750183105469,66.17500305175781,67.17500305175781,66.99749755859375,162116400.0,66.58150482177734,AAPL
2020-04-13,68.42500305175781,66.4574966430664,67.07749938964844,68.3125,131022800.0,67.88833618164062,AAPL
2020-04-14,72.0625,69.51249694824219,70.0,71.76249694824219,194994800.0,71.31690979003906,AAPL
2020-04-15,71.5824966430664,70.15750122070312,70.5999984741211,71.10749816894531,131154400.0,70.66598510742188,AAPL
2020-04-16,72.05000305175781,70.5875015258789,71.84500122070312,71.67250061035156,157125200.0,71.22747039794922,AAPL
2020-04-17,71.73750305175781,69.21499633789062,71.17250061035156,70.69999694824219,215250000.0,70.26101684570312,AAPL
2020-04-20,70.41999816894531,69.2125015258789,69.48750305175781,69.23249816894531,130015200.0,68.80261993408203,AAPL
2020-04-21,69.3125,66.35749816894531,69.06999969482422,67.09249877929688,180991600.0,66.67591094970703,AAPL
2020-04-22,69.4749984741211,68.05000305175781,68.40249633789062,69.0250015258789,117057200.0,68.5964126586914,AAPL
2020-04-23,70.4375,68.71749877929688,68.96749877929688,68.75749969482422,124814400.0,68.33058166503906,AAPL
2020-04-24,70.75250244140625,69.25,69.30000305175781,70.74250030517578,126508800.0,70.30325317382812,AAPL
2020-04-27,71.13500213623047,69.98750305175781,70.44999694824219,70.7925033569336,117087600.0,70.35294342041016,AAPL
2020-04-28,71.4574966430664,69.55000305175781,71.2699966430664,69.6449966430664,112004800.0,69.21255493164062,AAPL
2020-04-29,72.4175033569336,70.97250366210938,71.18250274658203,71.93250274658203,137280800.0,71.4858627319336,AAPL
2020-04-30,73.63249969482422,72.0875015258789,72.48999786376953,73.44999694824219,183064000.0,72.99393463134766,AAPL
2020-05-01,74.75,71.4625015258789,71.5625,72.26750183105469,240616800.0,71.81878662109375,AAPL
2020-05-04,73.42250061035156,71.58000183105469,72.2925033569336,73.29000091552734,133568000.0,72.83493041992188,AAPL
2020-05-05,75.25,73.61499786376953,73.76499938964844,74.38999938964844,147751200.0,73.9281005859375,AAPL
2020-05-06,75.80999755859375,74.71749877929688,75.11499786376953,75.15750122070312,142333600.0,74.69084167480469,AAPL
2020-05-07,76.2925033569336,75.49250030517578,75.80500030517578,75.93499755859375,115215200.0,75.46350860595703,AAPL
2020-05-08,77.5875015258789,76.07250213623047,76.41000366210938,77.53250122070312,134048000.0,77.25967407226562,AAPL
2020-05-11,79.26249694824219,76.80999755859375,77.0250015258789,78.75250244140625,145946400.0,78.47537231445312,AAPL
2020-05-12,79.92250061035156,77.72750091552734,79.4574966430664,77.85250091552734,162301200.0,77.57853698730469,AAPL
2020-05-13,78.98750305175781,75.80249786376953,78.0374984741211,76.9124984741211,200622400.0,76.64185333251953,AAPL
2020-05-14,77.44750213623047,75.38249969482422,76.12750244140625,77.38500213623047,158929200.0,77.11268615722656,AAPL
2020-05-15,76.9749984741211,75.05249786376953,75.0875015258789,76.92749786376953,166348400.0,76.65679168701172,AAPL
2020-05-18,79.125,77.58000183105469,78.2925033569336,78.73999786376953,135372400.0,78.4629135131836,AAPL
2020-05-19,79.62999725341797,78.25250244140625,78.75749969482422,78.28500366210938,101729600.0,78.009521484375,AAPL
2020-05-20,79.87999725341797,79.12999725341797,79.16999816894531,79.80750274658203,111504800.0,79.52666473388672,AAPL
2020-05-21,80.22250366210938,78.96749877929688,79.66500091552734,79.2125015258789,102688800.0,78.93375396728516,AAPL
2020-05-22,79.80750274658203,78.8375015258789,78.94249725341797,79.72250366210938,81803200.0,79.44196319580078,AAPL
2020-05-26,81.05999755859375,79.125,80.875,79.18250274658203,125522000.0,78.90386199951172,AAPL
2020-05-27,79.67749786376953,78.27249908447266,79.03500366210938,79.52749633789062,112945200.0,79.24764251708984,AAPL
2020-05-28,80.86000061035156,78.90750122070312,79.19249725341797,79.5625,133560800.0,79.28252410888672,AAPL
2020-05-29,80.2874984741211,79.11750030517578,79.8125,79.48500061035156,153598000.0,79.2052993774414,AAPL
2020-06-01,80.5875015258789,79.30249786376953,79.4375,80.4625015258789,80791200.0,80.17935943603516,AAPL
2020-06-02,80.86000061035156,79.73249816894531,80.1875,80.83499908447266,87642800.0,80.55054473876953,AAPL
2020-06-03,81.55000305175781,80.57499694824219,81.16500091552734,81.27999877929688,104491200.0,80.99398040771484,AAPL
2020-06-04,81.40499877929688,80.19499969482422,81.09750366210938,80.58000183105469,87560400.0,80.29644775390625,AAPL
2020-06-05,82.9375,80.80750274658203,80.8375015258789,82.875,137250400.0,82.5833740234375,AAPL
2020-06-08,83.4000015258789,81.83000183105469,82.5625,83.36499786376953,95654400.0,83.07164001464844,AAPL
2020-06-09,86.40249633789062,83.00250244140625,83.03500366210938,85.99749755859375,147712400.0,85.69487762451172,AAPL
2020-06-10,88.69249725341797,86.52249908447266,86.9749984741211,88.20999908447266,166651600.0,87.89958953857422,AAPL
2020-06-11,87.76499938964844,83.87000274658203,87.32749938964844,83.9749984741211,201662400.0,83.67949676513672,AAPL
2020-06-12,86.94999694824219,83.55500030517578,86.18000030517578,84.69999694824219,200146000.0,84.40194702148438,AAPL
2020-06-15,86.41999816894531,83.1449966430664,83.3125,85.74749755859375,138808800.0,85.44575500488281,AAPL
2020-06-16,88.30000305175781,86.18000030517578,87.86499786376953,88.0199966430664,165428800.0,87.71025848388672,AAPL
2020-06-17,88.8499984741211,87.77249908447266,88.7874984741211,87.89749908447266,114406400.0,87.58819580078125,AAPL
2020-06-18,88.36250305175781,87.30500030517578,87.85250091552734,87.93250274658203,96820400.0,87.62307739257812,AAPL
2020-06-19,89.13999938964844,86.2874984741211,88.66000366210938,87.43000030517578,264476000.0,87.1223373413086,AAPL
2020-06-22,89.86499786376953,87.7874984741211,87.83499908447266,89.71749877929688,135445200.0,89.40178680419922,AAPL
2020-06-23,93.09500122070312,90.56749725341795,91.0,91.63249969482422,212155600.0,91.31005096435548,AAPL
2020-06-24,92.19750213623048,89.62999725341797,91.25,90.01499938964844,192623200.0,89.6982421875,AAPL
2020-06-25,91.25,89.39250183105469,90.1750030517578,91.20999908447266,137522400.0,90.8890380859375,AAPL
2020-06-26,91.33000183105467,88.25499725341797,91.10250091552734,88.40750122070312,205256800.0,88.09640502929688,AAPL
2020-06-29,90.5425033569336,87.81999969482422,88.3125,90.44499969482422,130646000.0,90.1267318725586,AAPL
2020-06-30,91.49500274658205,90.0,90.0199966430664,91.1999969482422,140223200.0,90.87906646728516,AAPL
2020-07-01,91.83999633789062,90.97750091552734,91.27999877929688,91.02749633789062,110737200.0,90.7071762084961,AAPL
2020-07-02,92.61750030517578,90.91000366210938,91.9625015258789,91.02749633789062,114041600.0,90.7071762084961,AAPL
2020-07-06,93.94499969482422,92.46749877929688,92.5,93.4625015258789,118655600.0,93.13361358642578,AAPL
2020-07-07,94.65499877929688,93.05750274658205,93.85250091552734,93.17250061035156,112424400.0,92.84463500976562,AAPL
2020-07-08,95.375,94.08999633789062,94.18000030517578,95.34249877929688,117092000.0,95.00699615478516,AAPL
2020-07-09,96.31749725341795,94.67250061035156,96.2624969482422,95.75250244140624,125642800.0,95.41555786132812,AAPL
2020-07-10,95.9800033569336,94.70500183105467,95.33499908447266,95.91999816894533,90257200.0,95.58246612548828,AAPL
2020-07-13,99.95500183105467,95.25749969482422,97.26499938964844,95.47750091552734,191649200.0,95.14152526855467,AAPL
2020-07-14,97.25499725341795,93.87750244140624,94.83999633789062,97.05750274658205,170989200.0,96.7159652709961,AAPL
2020-07-15,99.24749755859376,96.48999786376952,98.98999786376952,97.7249984741211,153198000.0,97.38111114501952,AAPL
2020-07-16,97.40499877929688,95.90499877929688,96.5625,96.52249908447266,110577600.0,96.18284606933594,AAPL
2020-07-17,97.14749908447266,95.83999633789062,96.9875030517578,96.32749938964844,92186800.0,95.98853302001952,AAPL
2020-07-20,98.5,96.0625,96.4175033569336,98.35749816894533,90318000.0,98.01139068603516,AAPL
2020-07-21,99.25,96.74250030517578,99.17250061035156,97.0,103646000.0,96.65866088867188,AAPL
2020-07-22,97.9749984741211,96.60250091552734,96.69249725341795,97.27249908447266,89001600.0,96.9301986694336,AAPL
2020-07-23,97.07749938964844,92.01000213623048,96.99749755859376,92.84500122070312,197004400.0,92.5182876586914,AAPL
2020-07-24,92.97000122070312,89.1449966430664,90.9875030517578,92.61499786376952,185438800.0,92.28909301757812,AAPL
2020-07-27,94.90499877929688,93.4800033569336,93.70999908447266,94.80999755859376,121214000.0,94.4763641357422,AAPL
2020-07-28,94.5500030517578,93.24749755859376,94.36750030517578,93.25250244140624,103625600.0,92.92435455322266,AAPL
2020-07-29,95.2300033569336,93.7125015258789,93.75,95.04000091552734,90329200.0,94.70555877685548,AAPL
2020-07-30,96.29750061035156,93.76750183105467,94.1875,96.19000244140624,158130000.0,95.8515167236328,AAPL
2020-07-31,106.41500091552734,100.8249969482422,102.88500213623048,106.26000213623048,374336800.0,105.8860855102539,AAPL
2020-08-03,111.6374969482422,107.89250183105467,108.1999969482422,108.9375,308151200.0,108.5541534423828,AAPL
2020-08-04,110.79000091552734,108.3874969482422,109.13249969482422,109.66500091552734,173071600.0,109.2790985107422,AAPL
2020-08-05,110.39250183105467,108.89749908447266,109.37750244140624,110.0625,121992000.0,109.6751937866211,AAPL
2020-08-06,114.4124984741211,109.79750061035156,110.40499877929688,113.90249633789062,202428800.0,113.50167846679688,AAPL
2020-08-07,113.6750030517578,110.2925033569336,113.20500183105467,111.1125030517578,198045600.0,110.92113494873048,AAPL
2020-08-10,113.7750015258789,110.0,112.5999984741211,112.72750091552734,212403600.0,112.53335571289062,AAPL
2020-08-11,112.48249816894533,109.10749816894533,111.97000122070312,109.375,187902400.0,109.1866226196289,AAPL
2020-08-12,113.2750015258789,110.29750061035156,110.49749755859376,113.01000213623048,165944800.0,112.81536865234376,AAPL
2020-08-13,116.0425033569336,113.92749786376952,114.43000030517578,115.01000213623048,210082000.0,114.81192016601562,AAPL
2020-08-14,115.0,113.04499816894533,114.83000183105467,114.90750122070312,165565200.0,114.70960235595705,AAPL
2020-08-17,116.0875015258789,113.9625015258789,116.0625,114.60749816894533,119561600.0,114.4101104736328,AAPL
2020-08-18,116.0,114.00749969482422,114.35250091552734,115.5625,105633600.0,115.36347198486328,AAPL
2020-08-19,117.1624984741211,115.61000061035156,115.98249816894533,115.7074966430664,145538000.0,115.50821685791016,AAPL
2020-08-20,118.39250183105467,115.73249816894533,115.75,118.2750015258789,126907200.0,118.07129669189452,AAPL
2020-08-21,124.86750030517578,119.25,119.2624969482422,124.37000274658205,338054800.0,124.15579986572266,AAPL
2020-08-24,128.78500366210938,123.9375,128.69749450683594,125.85749816894533,345937600.0,125.64073944091795,AAPL
2020-08-25,125.18000030517578,123.05249786376952,124.69750213623048,124.8249969482422,211495600.0,124.61001586914062,AAPL
2020-08-26,126.99250030517578,125.0824966430664,126.18000030517578,126.52249908447266,163022400.0,126.30459594726562,AAPL
2020-08-27,127.48500061035156,123.8324966430664,127.14250183105467,125.01000213623048,155552400.0,124.7947006225586,AAPL
2020-08-28,126.44249725341795,124.57749938964844,126.0124969482422,124.80750274658205,187630000.0,124.5925521850586,AAPL
2020-08-31,131.0,126.0,127.58000183105467,129.0399932861328,225702700.0,128.8177490234375,AAPL
2020-09-01,134.8000030517578,130.52999877929688,132.75999450683594,134.17999267578125,152470100.0,133.9488983154297,AAPL
2020-09-02,137.97999572753906,127.0,137.58999633789062,131.39999389648438,200119000.0,131.17369079589844,AAPL
2020-09-03,128.83999633789062,120.5,126.91000366210938,120.87999725341795,257599600.0,120.67180633544922,AAPL
2020-09-04,123.6999969482422,110.88999938964844,120.06999969482422,120.95999908447266,332607200.0,120.75167083740234,AAPL
2020-09-08,118.98999786376952,112.68000030517578,113.9499969482422,112.81999969482422,231366600.0,112.62569427490234,AAPL
2020-09-09,119.13999938964844,115.26000213623048,117.26000213623048,117.31999969482422,176940500.0,117.1179428100586,AAPL
2020-09-10,120.5,112.5,120.36000061035156,113.48999786376952,182274400.0,113.29454040527344,AAPL
2020-09-11,115.2300033569336,110.0,114.56999969482422,112.0,180860300.0,111.8071060180664,AAPL
2020-09-14,115.93000030517578,112.8000030517578,114.72000122070312,115.36000061035156,140150100.0,115.16131591796876,AAPL
2020-09-15,118.83000183105467,113.61000061035156,118.33000183105467,115.54000091552734,184642000.0,115.34101104736328,AAPL
2020-09-16,116.0,112.04000091552734,115.2300033569336,112.12999725341795,154679000.0,111.93688201904295,AAPL
2020-09-17,112.1999969482422,108.70999908447266,109.72000122070312,110.33999633789062,178011000.0,110.14996337890624,AAPL
2020-09-18,110.87999725341795,106.08999633789062,110.4000015258789,106.83999633789062,287104900.0,106.65599060058594,AAPL
2020-09-21,110.19000244140624,103.0999984741211,104.54000091552734,110.08000183105467,195713800.0,109.89041137695312,AAPL
2020-09-22,112.86000061035156,109.16000366210938,112.68000030517578,111.80999755859376,183055400.0,111.617431640625,AAPL
2020-09-23,112.11000061035156,106.7699966430664,111.62000274658205,107.12000274658205,150718700.0,106.93550872802734,AAPL
2020-09-24,110.25,105.0,105.16999816894533,108.22000122070312,167743300.0,108.03361511230467,AAPL
2020-09-25,112.44000244140624,107.66999816894533,108.43000030517578,112.27999877929688,149981400.0,112.0866241455078,AAPL
2020-09-28,115.31999969482422,112.77999877929688,115.01000213623048,114.95999908447266,137672400.0,114.7620086669922,AAPL
2020-09-29,115.30999755859376,113.56999969482422,114.5500030517578,114.08999633789062,99382200.0,113.89350128173828,AAPL
2020-09-30,117.26000213623048,113.62000274658205,113.79000091552734,115.80999755859376,142675200.0,115.61054229736328,AAPL
2020-10-01,117.72000122070312,115.83000183105467,117.63999938964844,116.79000091552734,116120400.0,116.58885955810548,AAPL
2020-10-02,115.37000274658205,112.22000122070312,112.88999938964844,113.0199966430664,144712000.0,112.82534790039062,AAPL
2020-10-05,116.6500015258789,113.5500030517578,113.91000366210938,116.5,106243800.0,116.29935455322266,AAPL
2020-10-06,116.12000274658205,112.25,115.6999969482422,113.16000366210938,161498200.0,112.9651107788086,AAPL
2020-10-07,115.5500030517578,114.12999725341795,114.62000274658205,115.08000183105467,96849000.0,114.88180541992188,AAPL
2020-10-08,116.4000015258789,114.58999633789062,116.25,114.97000122070312,83477200.0,114.77198791503906,AAPL
2020-10-09,117.0,114.91999816894533,115.27999877929688,116.97000122070312,99893400.0,116.76854705810548,AAPL
2020-10-12,125.18000030517578,119.27999877929688,120.05999755859376,124.4000015258789,240226800.0,124.18575286865234,AAPL
2020-10-13,125.38999938964844,119.6500015258789,125.2699966430664,121.0999984741211,262330500.0,120.89143371582033,AAPL
2020-10-14,123.02999877929688,119.62000274658205,121.0,121.19000244140624,151062300.0,120.98127746582033,AAPL
2020-10-15,121.1999969482422,118.1500015258789,118.72000122070312,120.70999908447266,112559200.0,120.50210571289062,AAPL
2020-10-16,121.5500030517578,118.80999755859376,121.27999877929688,119.0199966430664,115073800.0,118.81501007080078,AAPL
2020-10-19,120.41999816894533,115.66000366210938,119.95999908447266,115.9800033569336,120639300.0,115.7802505493164,AAPL
2020-10-20,118.9800033569336,115.62999725341795,116.1999969482422,117.51000213623048,124423700.0,117.3076171875,AAPL
2020-10-21,118.70999908447266,116.4499969482422,116.66999816894533,116.87000274658205,89946000.0,116.6687240600586,AAPL
2020-10-22,118.04000091552734,114.58999633789062,117.4499969482422,115.75,101988000.0,115.55064392089844,AAPL
2020-10-23,116.5500030517578,114.27999877929688,116.38999938964844,115.04000091552734,82396600.0,114.84187316894533,AAPL
2020-10-26,116.5500030517578,112.87999725341795,114.01000213623048,115.0500030517578,111850700.0,114.8518524169922,AAPL
2020-10-27,117.27999877929688,114.54000091552734,115.48999786376952,116.5999984741211,92276800.0,116.39917755126952,AAPL
2020-10-28,115.43000030517578,111.0999984741211,115.0500030517578,111.1999969482422,143937800.0,111.00847625732422,AAPL
2020-10-29,116.93000030517578,112.1999969482422,112.37000274658205,115.31999969482422,146129200.0,115.1213836669922,AAPL
2020-10-30,111.98999786376952,107.72000122070312,111.05999755859376,108.86000061035156,190272600.0,108.67251586914062,AAPL
2020-11-02,110.68000030517578,107.31999969482422,109.11000061035156,108.7699966430664,122866900.0,108.5826644897461,AAPL
2020-11-03,111.48999786376952,108.7300033569336,109.66000366210938,110.44000244140624,107624400.0,110.24979400634766,AAPL
2020-11-04,115.58999633789062,112.3499984741211,114.13999938964844,114.9499969482422,138235500.0,114.75202178955078,AAPL
2020-11-05,119.62000274658205,116.87000274658205,117.9499969482422,119.02999877929688,126387100.0,118.8249969482422,AAPL
2020-11-06,119.1999969482422,116.12999725341795,118.31999969482422,118.69000244140624,114283600.0,118.69000244140624,AAPL
2020-11-09,121.98999786376952,116.0500030517578,120.5,116.31999969482422,154050500.0,116.31999969482422,AAPL
2020-11-10,117.58999633789062,114.12999725341795,115.5500030517578,115.97000122070312,138023400.0,115.97000122070312,AAPL
2020-11-11,119.62999725341795,116.44000244140624,117.19000244140624,119.48999786376952,112295000.0,119.48999786376952,AAPL
2020-11-12,120.52999877929688,118.56999969482422,119.62000274658205,119.20999908447266,103162300.0,119.20999908447266,AAPL
2020-11-13,119.66999816894533,117.87000274658205,119.44000244140624,119.26000213623048,81581900.0,119.26000213623048,AAPL
2020-11-16,120.98999786376952,118.1500015258789,118.91999816894533,120.3000030517578,91183000.0,120.3000030517578,AAPL
2020-11-17,120.66999816894533,118.95999908447266,119.5500030517578,119.38999938964844,74271000.0,119.38999938964844,AAPL
2020-11-18,119.81999969482422,118.0,118.61000061035156,118.02999877929688,76322100.0,118.02999877929688,AAPL
2020-11-19,119.05999755859376,116.80999755859376,117.58999633789062,118.63999938964844,74113000.0,118.63999938964844,AAPL
2020-11-20,118.7699966430664,117.29000091552734,118.63999938964844,117.33999633789062,73391400.0,117.33999633789062,AAPL
2020-11-23,117.62000274658205,113.75,117.18000030517578,113.8499984741211,127959300.0,113.8499984741211,AAPL
2020-11-24,115.8499984741211,112.58999633789062,113.91000366210938,115.16999816894533,113874200.0,115.16999816894533,AAPL
2020-11-25,116.75,115.16999816894533,115.5500030517578,116.02999877929688,76499200.0,116.02999877929688,AAPL
2020-11-27,117.48999786376952,116.22000122070312,116.56999969482422,116.58999633789062,46691300.0,116.58999633789062,AAPL
2020-11-30,120.97000122070312,116.80999755859376,116.97000122070312,119.0500030517578,169410200.0,119.0500030517578,AAPL
2020-12-01,123.47000122070312,120.01000213623048,121.01000213623048,122.72000122070312,128166800.0,122.72000122070312,AAPL
2020-12-02,123.37000274658205,120.88999938964844,122.0199966430664,123.08000183105467,89004200.0,123.08000183105467,AAPL
2020-12-03,123.77999877929688,122.20999908447266,123.5199966430664,122.94000244140624,78967600.0,122.94000244140624,AAPL
2020-12-04,122.86000061035156,121.5199966430664,122.5999984741211,122.25,78133200.0,122.25,AAPL
2020-12-07,124.56999969482422,122.25,122.30999755859376,123.75,86712000.0,123.75,AAPL
2020-12-08,124.9800033569336,123.08999633789062,124.37000274658205,124.37999725341795,82225500.0,124.37999725341795,AAPL
2020-12-09,125.9499969482422,121.0,124.52999877929688,121.77999877929688,115089200.0,121.77999877929688,AAPL
2020-12-10,123.87000274658205,120.1500015258789,120.5,123.23999786376952,81122100.0,123.23999786376952,AAPL
2020-12-11,122.76000213623048,120.5500030517578,122.43000030517578,122.41000366210938,86860000.0,122.41000366210938,AAPL
2020-12-14,123.3499984741211,121.54000091552734,122.5999984741211,121.77999877929688,79184500.0,121.77999877929688,AAPL
2020-12-15,127.9000015258789,124.12999725341795,124.33999633789062,127.87999725341795,157572300.0,127.87999725341795,AAPL
2020-12-16,128.3699951171875,126.55999755859376,127.41000366210938,127.80999755859376,98208600.0,127.80999755859376,AAPL
2020-12-17,129.5800018310547,128.0399932861328,128.89999389648438,128.6999969482422,94359800.0,128.6999969482422,AAPL
2020-12-18,129.10000610351562,126.12000274658205,128.9600067138672,126.66000366210938,192354800.0,126.66000366210938,AAPL
2020-12-21,128.30999755859375,123.4499969482422,125.0199966430664,128.22999572753906,120093700.0,128.22999572753906,AAPL
2020-12-22,134.41000366210938,129.64999389648438,131.61000061035156,131.8800048828125,168904800.0,131.8800048828125,AAPL
2020-12-23,132.42999267578125,130.77999877929688,132.16000366210938,130.9600067138672,88223700.0,130.9600067138672,AAPL
2020-12-24,133.4600067138672,131.10000610351562,131.32000732421875,131.97000122070312,54930100.0,131.97000122070312,AAPL
2020-12-28,137.33999633789062,133.50999450683594,133.99000549316406,136.69000244140625,124182900.0,136.69000244140625,AAPL
2020-12-29,138.7899932861328,134.33999633789062,138.0500030517578,134.8699951171875,121047300.0,134.8699951171875,AAPL
2020-12-30,135.99000549316406,133.39999389648438,135.5800018310547,133.72000122070312,96452100.0,133.72000122070312,AAPL
2020-12-31,134.74000549316406,131.72000122070312,134.0800018310547,132.69000244140625,98990400.0,132.69000244140625,AAPL
2019-01-02,137.50999450683594,128.55999755859375,128.99000549316406,135.67999267578125,28146200.0,135.67999267578125,FB
2019-01-03,137.1699981689453,131.1199951171875,134.69000244140625,131.74000549316406,22717900.0,131.74000549316406,FB
2019-01-04,138.0,133.75,134.00999450683594,137.9499969482422,29002100.0,137.9499969482422,FB
2019-01-07,138.8699951171875,135.91000366210938,137.55999755859375,138.0500030517578,20089300.0,138.0500030517578,FB
2019-01-08,143.13999938964844,139.5399932861328,139.88999938964844,142.52999877929688,26263800.0,142.52999877929688,FB
2019-01-09,144.6999969482422,141.27000427246094,142.9499969482422,144.22999572753906,22205900.0,144.22999572753906,FB
2019-01-10,144.55999755859375,140.83999633789062,143.0800018310547,144.1999969482422,16125000.0,144.1999969482422,FB
2019-01-11,145.36000061035156,142.57000732421875,143.14999389648438,143.8000030517578,12908000.0,143.8000030517578,FB
2019-01-14,146.57000732421875,141.27000427246094,142.0,145.38999938964844,20520300.0,145.38999938964844,FB
2019-01-15,150.67999267578125,145.99000549316406,146.00999450683594,148.9499969482422,24069000.0,148.9499969482422,FB
2019-01-16,149.64999389648438,147.0,149.0,147.5399932861328,18025700.0,147.5399932861328,FB
2019-01-17,149.0,146.5,146.9499969482422,148.3000030517578,15787900.0,148.3000030517578,FB
2019-01-18,152.42999267578125,148.5500030517578,149.75,150.0399932861328,31029600.0,150.0399932861328,FB
2019-01-22,151.52999877929688,146.3699951171875,149.1999969482422,147.57000732421875,22378700.0,147.57000732421875,FB
2019-01-23,148.8000030517578,143.05999755859375,148.27999877929688,144.3000030517578,20098400.0,144.3000030517578,FB
2019-01-24,146.44000244140625,142.52000427246094,144.63999938964844,145.8300018310547,20955500.0,145.8300018310547,FB
2019-01-25,149.8300018310547,146.5399932861328,147.47999572753906,149.00999450683594,22237200.0,149.00999450683594,FB
2019-01-28,148.9600067138672,146.2100067138672,148.0500030517578,147.47000122070312,15508500.0,147.47000122070312,FB
2019-01-29,148.10000610351562,143.42999267578125,148.08999633789062,144.19000244140625,17632100.0,144.19000244140625,FB
2019-01-30,150.9499969482422,145.6999969482422,146.22000122070312,150.4199981689453,44613200.0,150.4199981689453,FB
2019-01-31,171.67999267578125,165.0,165.60000610351562,166.69000244140625,77233600.0,166.69000244140625,FB
2019-02-01,169.10000610351562,165.66000366210938,165.83999633789062,165.7100067138672,30806500.0,165.7100067138672,FB
2019-02-04,169.3000030517578,163.6199951171875,165.6999969482422,169.25,20036000.0,169.25,FB
2019-02-05,171.97999572753906,168.69000244140625,169.14999389648438,171.16000366210938,22557000.0,171.16000366210938,FB
2019-02-06,172.47000122070312,169.27000427246094,171.1999969482422,170.49000549316406,13281200.0,170.49000549316406,FB
2019-02-07,169.24000549316406,165.25,168.1999969482422,166.3800048828125,17517600.0,166.3800048828125,FB
2019-02-08,167.3699951171875,164.2100067138672,164.47000122070312,167.3300018310547,12561400.0,167.3300018310547,FB
2019-02-11,168.3000030517578,165.0800018310547,167.89999389648438,165.7899932861328,12811200.0,165.7899932861328,FB
2019-02-12,168.33999633789062,164.5,166.86000061035156,165.0399932861328,16292300.0,165.0399932861328,FB
2019-02-13,166.22000122070312,163.72999572753906,165.3800048828125,164.07000732421875,14205100.0,164.07000732421875,FB
2019-02-14,164.8699951171875,162.25,163.19000244140625,163.9499969482422,12755200.0,163.9499969482422,FB
2019-02-15,164.6999969482422,160.86000061035156,164.50999450683594,162.5,15504400.0,162.5,FB
2019-02-19,164.14999389648438,160.3300018310547,160.5,162.2899932861328,14345400.0,162.2899932861328,FB
2019-02-20,163.72000122070312,161.25,162.25,162.55999755859375,11770700.0,162.55999755859375,FB
2019-02-21,162.24000549316406,159.58999633789062,161.92999267578125,160.0399932861328,15607800.0,160.0399932861328,FB
2019-02-22,162.41000366210938,160.30999755859375,160.5800018310547,161.88999938964844,15858500.0,161.88999938964844,FB
2019-02-25,166.07000732421875,162.89999389648438,163.07000732421875,164.6199951171875,18737100.0,164.6199951171875,FB
2019-02-26,166.24000549316406,163.8000030517578,164.33999633789062,164.1300048828125,13784100.0,164.1300048828125,FB
2019-02-27,163.92999267578125,160.41000366210938,162.89999389648438,162.80999755859375,12697500.0,162.80999755859375,FB
2019-02-28,163.5,160.86000061035156,162.3699951171875,161.4499969482422,11114200.0,161.4499969482422,FB
2019-03-01,163.1300048828125,161.69000244140625,162.60000610351562,162.27999877929688,11097800.0,162.27999877929688,FB
2019-03-04,167.5,163.8300018310547,163.89999389648438,167.3699951171875,18894700.0,167.3699951171875,FB
2019-03-05,171.8800048828125,166.5500030517578,167.3699951171875,171.25999450683594,28187900.0,171.25999450683594,FB
2019-03-06,173.57000732421875,171.27000427246094,172.89999389648438,172.50999450683594,21531700.0,172.50999450683594,FB
2019-03-07,171.74000549316406,167.61000061035156,171.5,169.1300048828125,18306500.0,169.1300048828125,FB
2019-03-08,169.6199951171875,165.97000122070312,166.1999969482422,169.60000610351562,13184800.0,169.60000610351562,FB
2019-03-11,174.3000030517578,171.5800018310547,171.60000610351562,172.07000732421875,18884000.0,172.07000732421875,FB
2019-03-12,173.8000030517578,171.22000122070312,172.08999633789062,171.9199981689453,12155300.0,171.9199981689453,FB
2019-03-13,174.02999877929688,172.1199951171875,172.32000732421875,173.3699951171875,11973300.0,173.3699951171875,FB
2019-03-14,171.14999389648438,168.16000366210938,169.75999450683594,170.1699981689453,18037400.0,170.1699981689453,FB
2019-03-15,167.5800018310547,162.50999450683594,167.16000366210938,165.97999572753906,37135400.0,165.97999572753906,FB
2019-03-18,163.89999389648438,159.27999877929688,163.57000732421875,160.47000122070312,37524200.0,160.47000122070312,FB
2019-03-19,163.82000732421875,160.82000732421875,161.47999572753906,161.57000732421875,25611500.0,161.57000732421875,FB
2019-03-20,166.1199951171875,161.24000549316406,161.5,165.44000244140625,20211500.0,165.44000244140625,FB
2019-03-21,166.38999938964844,163.75,164.88999938964844,166.0800018310547,16223000.0,166.0800018310547,FB
2019-03-22,167.4199981689453,164.08999633789062,165.64999389648438,164.33999633789062,16389200.0,164.33999633789062,FB
2019-03-25,166.5399932861328,162.0,163.0,166.2899932861328,12631200.0,166.2899932861328,FB
2019-03-26,169.4499969482422,166.35000610351562,167.35000610351562,167.67999267578125,15437900.0,167.67999267578125,FB
2019-03-27,168.94000244140625,164.7899932861328,167.85000610351562,165.8699951171875,10620300.0,165.8699951171875,FB
2019-03-28,166.72000122070312,163.3300018310547,164.57000732421875,165.5500030517578,10443000.0,165.5500030517578,FB
2019-03-29,167.19000244140625,164.80999755859375,166.38999938964844,166.69000244140625,13455500.0,166.69000244140625,FB
2019-04-01,168.89999389648438,167.27999877929688,167.8300018310547,168.6999969482422,10381500.0,168.6999969482422,FB
2019-04-02,174.89999389648438,169.5500030517578,170.13999938964844,174.1999969482422,23946500.0,174.1999969482422,FB
2019-04-03,177.9600067138672,172.9499969482422,174.5,173.5399932861328,27391100.0,173.5399932861328,FB
2019-04-04,178.0,175.52999877929688,176.02000427246094,176.02000427246094,17847700.0,176.02000427246094,FB
2019-04-05,177.0,175.10000610351562,176.8800048828125,175.72000122070312,9594100.0,175.72000122070312,FB
2019-04-08,175.5,174.22999572753906,175.2100067138672,174.92999267578125,7297400.0,174.92999267578125,FB
2019-04-09,179.19000244140625,175.5500030517578,175.6199951171875,177.5800018310547,19751000.0,177.5800018310547,FB
2019-04-10,178.7899932861328,176.5399932861328,178.17999267578125,177.82000732421875,11701500.0,177.82000732421875,FB
2019-04-11,178.39999389648438,177.0,178.24000549316406,177.50999450683594,8071000.0,177.50999450683594,FB
2019-04-12,179.6300048828125,177.9499969482422,178.0,179.10000610351562,12329800.0,179.10000610351562,FB
2019-04-15,180.5,176.8699951171875,178.5,179.64999389648438,10834800.0,179.64999389648438,FB
2019-04-16,180.1699981689453,178.3000030517578,179.0,178.8699951171875,11215200.0,178.8699951171875,FB
2019-04-17,180.7400054931641,178.36000061035156,179.60000610351562,178.77999877929688,9973700.0,178.77999877929688,FB
2019-04-18,178.8800048828125,177.33999633789062,178.8000030517578,178.27999877929688,11655600.0,178.27999877929688,FB
2019-04-22,181.6699981689453,178.25,178.25,181.44000244140625,13389900.0,181.44000244140625,FB
2019-04-23,184.22000122070312,181.47999572753903,182.7400054931641,183.77999877929688,19954800.0,183.77999877929688,FB
2019-04-24,185.13999938964844,181.6499938964844,184.4900054931641,182.5800018310547,37289900.0,182.5800018310547,FB
2019-04-25,198.47999572753903,192.1199951171875,196.97999572753903,193.25999450683597,54148800.0,193.25999450683597,FB
2019-04-26,192.8999938964844,189.08999633789065,192.5,191.4900054931641,22075000.0,191.4900054931641,FB
2019-04-29,195.41000366210935,190.6499938964844,190.9499969482422,194.77999877929688,19641300.0,194.77999877929688,FB
2019-04-30,197.38999938964844,192.27999877929688,194.19000244140625,193.3999938964844,23494700.0,193.3999938964844,FB
2019-05-01,196.17999267578125,193.00999450683597,194.77999877929688,193.02999877929688,15996600.0,193.02999877929688,FB
2019-05-02,194.0,189.75,193.0,192.52999877929688,13209500.0,192.52999877929688,FB
2019-05-03,196.16000366210935,193.7100067138672,194.3800048828125,195.47000122070312,14575400.0,195.47000122070312,FB
2019-05-06,194.27999877929688,190.5500030517578,191.2400054931641,193.8800048828125,13994900.0,193.8800048828125,FB
2019-05-07,192.8999938964844,187.8500061035156,192.5399932861328,189.7700042724609,16253000.0,189.7700042724609,FB
2019-05-08,190.72000122070312,188.5500030517578,189.38999938964844,189.5399932861328,12505700.0,189.5399932861328,FB
2019-05-09,189.7700042724609,186.25999450683597,187.1999969482422,188.6499938964844,12967000.0,188.6499938964844,FB
2019-05-10,190.0,184.58999633789065,188.25,188.33999633789065,12578500.0,188.33999633789065,FB
2019-05-13,185.42999267578125,180.83999633789065,183.5,181.5399932861328,16833300.0,181.5399932861328,FB
2019-05-14,183.4900054931641,178.10000610351562,182.5200042724609,180.72999572753903,17628100.0,180.72999572753903,FB
2019-05-15,187.27999877929688,180.02000427246094,180.4199981689453,186.2700042724609,16746900.0,186.2700042724609,FB
2019-05-16,188.5800018310547,185.0500030517578,185.0500030517578,186.9900054931641,12953100.0,186.9900054931641,FB
2019-05-17,187.5800018310547,184.27999877929688,184.83999633789065,185.3000030517578,10485400.0,185.3000030517578,FB
2019-05-20,184.22999572753903,181.3699951171875,181.8800048828125,182.72000122070312,10352000.0,182.72000122070312,FB
2019-05-21,185.6999969482422,183.88999938964844,184.57000732421875,184.82000732421875,7502800.0,184.82000732421875,FB
2019-05-22,186.7400054931641,183.6100006103516,184.72999572753903,185.32000732421875,9213800.0,185.32000732421875,FB
2019-05-23,183.8999938964844,179.6699981689453,182.4199981689453,180.8699951171875,12768800.0,180.8699951171875,FB
2019-05-24,183.6300048828125,180.8300018310547,182.3300018310547,181.05999755859372,8807700.0,181.05999755859372,FB
2019-05-28,184.7100067138672,181.4499969482422,181.5399932861328,184.30999755859372,14843300.0,184.30999755859372,FB
2019-05-29,184.55999755859372,181.3500061035156,183.5,182.19000244140625,12797700.0,182.19000244140625,FB
2019-05-30,183.47999572753903,180.88999938964844,183.0800018310547,183.00999450683597,8581500.0,183.00999450683597,FB
2019-05-31,180.5399932861328,177.16000366210938,180.27999877929688,177.47000122070312,15226500.0,177.47000122070312,FB
2019-06-03,175.0500030517578,161.00999450683594,175.0,164.14999389648438,56059600.0,164.14999389648438,FB
2019-06-04,168.27999877929688,160.83999633789062,163.7100067138672,167.5,46044300.0,167.5,FB
2019-06-05,168.72000122070312,164.6300048828125,167.47999572753906,168.1699981689453,19758300.0,168.1699981689453,FB
2019-06-06,169.6999969482422,167.22999572753906,168.3000030517578,168.3300018310547,12446400.0,168.3300018310547,FB
2019-06-07,173.8699951171875,168.83999633789062,170.1699981689453,173.35000610351562,16917300.0,173.35000610351562,FB
2019-06-10,177.86000061035156,173.8000030517578,174.75,174.82000732421875,14767900.0,174.82000732421875,FB
2019-06-11,179.97999572753906,176.7899932861328,178.47999572753906,178.10000610351562,15266600.0,178.10000610351562,FB
2019-06-12,179.27000427246094,172.8800048828125,178.3800048828125,175.0399932861328,17699800.0,175.0399932861328,FB
2019-06-13,178.02999877929688,174.61000061035156,175.52999877929688,177.47000122070312,12253600.0,177.47000122070312,FB
2019-06-14,181.83999633789065,180.0,180.50999450683597,181.3300018310547,16773700.0,181.3300018310547,FB
2019-06-17,189.5,184.41000366210935,185.00999450683597,189.00999450683597,29459900.0,189.00999450683597,FB
2019-06-18,194.52999877929688,187.27999877929688,194.0,188.47000122070312,37571400.0,188.47000122070312,FB
2019-06-19,188.1000061035156,184.5500030517578,187.0,187.47999572753903,21417100.0,187.47999572753903,FB
2019-06-20,191.16000366210935,187.63999938964844,190.9499969482422,189.52999877929688,14635700.0,189.52999877929688,FB
2019-06-21,192.0,188.75,188.75,191.13999938964844,22751200.0,191.13999938964844,FB
2019-06-24,193.97999572753903,191.57000732421875,192.4199981689453,192.6000061035156,15509000.0,192.6000061035156,FB
2019-06-25,193.13999938964844,188.1300048828125,192.8800048828125,188.83999633789065,16750300.0,188.83999633789065,FB
2019-06-26,190.75999450683597,187.30999755859372,189.5399932861328,187.66000366210935,12808600.0,187.66000366210935,FB
2019-06-27,198.8800048828125,188.2700042724609,189.8800048828125,189.5,11159000.0,189.5,FB
2019-06-28,193.1999969482422,189.94000244140625,190.5500030517578,193.0,16378900.0,193.0,FB
2019-07-01,195.27999877929688,191.92999267578125,195.2100067138672,193.0,14181800.0,193.0,FB
2019-07-02,195.0,192.7100067138672,193.0,195.0,9050000.0,195.0,FB
2019-07-03,197.3999938964844,194.16000366210935,194.16000366210935,197.1999969482422,10246100.0,197.1999969482422,FB
2019-07-05,197.07000732421875,194.1699981689453,196.17999267578125,196.3999938964844,11164100.0,196.3999938964844,FB
2019-07-08,196.67999267578125,193.63999938964844,195.19000244140625,195.75999450683597,9723900.0,195.75999450683597,FB
2019-07-09,199.4600067138672,194.88999938964844,194.97000122070312,199.2100067138672,14698600.0,199.2100067138672,FB
2019-07-10,202.9600067138672,199.6699981689453,200.0,202.72999572753903,20571700.0,202.72999572753903,FB
2019-07-11,203.8000030517578,200.2100067138672,203.25999450683597,201.22999572753903,13678500.0,201.22999572753903,FB
2019-07-12,205.3000030517578,199.16000366210935,199.67999267578125,204.8699951171875,15366300.0,204.8699951171875,FB
2019-07-15,205.3300018310547,201.82000732421875,204.25,203.91000366210935,16030300.0,203.91000366210935,FB
2019-07-16,205.47000122070312,203.1000061035156,203.88999938964844,203.83999633789065,12132700.0,203.83999633789065,FB
2019-07-17,204.3600006103516,201.58999633789065,204.17999267578125,201.8000030517578,12083700.0,201.8000030517578,FB
2019-07-18,202.47000122070312,199.3800048828125,200.1499938964844,200.77999877929688,11937900.0,200.77999877929688,FB
2019-07-19,202.3300018310547,198.07000732421875,202.17999267578125,198.3600006103516,12098300.0,198.3600006103516,FB
2019-07-22,202.57000732421875,198.80999755859372,199.91000366210935,202.32000732421875,13589000.0,202.32000732421875,FB
2019-07-23,204.2400054931641,200.9600067138672,202.83999633789065,202.3600006103516,14583700.0,202.3600006103516,FB
2019-07-24,204.80999755859372,197.22000122070312,197.6300048828125,204.66000366210935,32532500.0,204.66000366210935,FB
2019-07-25,208.66000366210935,198.25999450683597,206.6999969482422,200.7100067138672,39889900.0,200.7100067138672,FB
2019-07-26,202.8800048828125,196.25,200.19000244140625,199.75,24434000.0,199.75,FB
2019-07-29,199.6300048828125,195.3000030517578,199.0,195.94000244140625,16530800.0,195.94000244140625,FB
2019-07-30,198.7100067138672,193.5,195.38999938964844,197.0399932861328,11903600.0,197.0399932861328,FB
2019-07-31,198.75999450683597,192.67999267578125,196.9499969482422,194.22999572753903,14593500.0,194.22999572753903,FB
2019-08-01,198.47000122070312,190.8800048828125,194.1699981689453,192.72999572753903,17777000.0,192.72999572753903,FB
2019-08-02,192.6199951171875,188.07000732421875,191.1000061035156,189.0200042724609,15297000.0,189.0200042724609,FB
2019-08-05,185.6699981689453,179.33999633789062,184.69000244140625,181.72999572753903,23086700.0,181.72999572753903,FB
2019-08-06,185.7899932861328,183.08999633789065,183.69000244140625,184.50999450683597,18035700.0,184.50999450683597,FB
2019-08-07,186.3699951171875,181.22000122070312,183.6000061035156,185.1499938964844,15833200.0,185.1499938964844,FB
2019-08-08,190.33999633789065,184.0500030517578,186.6199951171875,190.16000366210935,14828900.0,190.16000366210935,FB
2019-08-09,190.97999572753903,187.1199951171875,190.0,187.8500061035156,11058800.0,187.8500061035156,FB
2019-08-12,187.58999633789065,184.4600067138672,186.8500061035156,185.3699951171875,10930900.0,185.3699951171875,FB
2019-08-13,191.3800048828125,185.3699951171875,185.5200042724609,188.4499969482422,13577000.0,188.4499969482422,FB
2019-08-14,185.9900054931641,179.30999755859375,185.8000030517578,179.7100067138672,18903700.0,179.7100067138672,FB
2019-08-15,183.1999969482422,180.02999877929688,180.9499969482422,182.58999633789065,12925900.0,182.58999633789065,FB
2019-08-16,185.1000061035156,182.3600006103516,183.75,183.6999969482422,12654600.0,183.6999969482422,FB
2019-08-19,187.5,184.8500061035156,186.00999450683597,186.1699981689453,9691200.0,186.1699981689453,FB
2019-08-20,186.0,182.38999938964844,185.4499969482422,183.80999755859372,10083400.0,183.80999755859372,FB
2019-08-21,185.8999938964844,183.13999938964844,185.0,183.5500030517578,8398200.0,183.5500030517578,FB
2019-08-22,184.1100006103516,179.91000366210938,183.42999267578125,182.0399932861328,10821400.0,182.0399932861328,FB
2019-08-23,183.1300048828125,176.66000366210938,180.83999633789065,177.75,17323400.0,177.75,FB
2019-08-26,180.5,178.24000549316406,179.39999389648438,180.3600006103516,8773600.0,180.3600006103516,FB
2019-08-27,184.0399932861328,181.00999450683597,181.92999267578125,181.3000030517578,14399600.0,181.3000030517578,FB
2019-08-28,181.9499969482422,178.9199981689453,180.52999877929688,181.75999450683597,9386100.0,181.75999450683597,FB
2019-08-29,186.0800018310547,183.47000122070312,183.7700042724609,185.57000732421875,10128700.0,185.57000732421875,FB
2019-08-30,186.8000030517578,183.4600067138672,186.77999877929688,185.6699981689453,10774500.0,185.6699981689453,FB
2019-09-03,185.6699981689453,182.1100006103516,184.0,182.38999938964844,9779400.0,182.38999938964844,FB
2019-09-04,187.75,183.88999938964844,184.6499938964844,187.13999938964844,11308000.0,187.13999938964844,FB
2019-09-05,191.3600006103516,187.94000244140625,188.52999877929688,190.8999938964844,13876700.0,190.8999938964844,FB
2019-09-06,190.2100067138672,186.3500061035156,190.2100067138672,187.4900054931641,15226800.0,187.4900054931641,FB
2019-09-09,188.97999572753903,185.8500061035156,187.72999572753903,188.75999450683597,14722400.0,188.75999450683597,FB
2019-09-10,188.1000061035156,184.5500030517578,187.44000244140625,186.1699981689453,15455900.0,186.1699981689453,FB
2019-09-11,189.44000244140625,186.0800018310547,186.4600067138672,188.4900054931641,11761700.0,188.4900054931641,FB
2019-09-12,190.92999267578125,187.22999572753903,189.8600006103516,187.47000122070312,11419800.0,187.47000122070312,FB
2019-09-13,187.97000122070312,186.5399932861328,187.3300018310547,187.19000244140625,11441100.0,187.19000244140625,FB
2019-09-16,187.7899932861328,185.7700042724609,186.92999267578125,186.22000122070312,8444800.0,186.22000122070312,FB
2019-09-17,188.32000732421875,185.5399932861328,186.66000366210935,188.0800018310547,9671100.0,188.0800018310547,FB
2019-09-18,189.0800018310547,186.00999450683597,188.08999633789065,188.13999938964844,9681900.0,188.13999938964844,FB
2019-09-19,191.1000061035156,188.1499938964844,188.66000366210935,190.13999938964844,10392700.0,190.13999938964844,FB
2019-09-20,193.1000061035156,188.1199951171875,190.66000366210935,189.92999267578125,19934200.0,189.92999267578125,FB
2019-09-23,190.1000061035156,185.2100067138672,189.33999633789065,186.82000732421875,13327600.0,186.82000732421875,FB
2019-09-24,188.0399932861328,180.38999938964844,187.97999572753903,181.27999877929688,18546600.0,181.27999877929688,FB
2019-09-25,183.4199981689453,177.8699951171875,181.4499969482422,182.8000030517578,18068300.0,182.8000030517578,FB
2019-09-26,181.3999938964844,177.6699981689453,181.3300018310547,180.11000061035156,16083300.0,180.11000061035156,FB
2019-09-27,180.75999450683597,175.66000366210938,180.4900054931641,177.10000610351562,14656200.0,177.10000610351562,FB
2019-09-30,178.6699981689453,176.85000610351562,177.8699951171875,178.0800018310547,10740000.0,178.0800018310547,FB
2019-10-01,179.83999633789062,174.8800048828125,179.14999389648438,175.80999755859375,17073000.0,175.80999755859375,FB
2019-10-02,176.52999877929688,173.08999633789062,174.83999633789062,174.60000610351562,16151700.0,174.60000610351562,FB
2019-10-03,179.83999633789062,173.6300048828125,175.57000732421875,179.3800048828125,16086300.0,179.3800048828125,FB
2019-10-04,180.97999572753903,178.10000610351562,179.5500030517578,180.4499969482422,10430200.0,180.4499969482422,FB
2019-10-07,181.17999267578125,178.08999633789062,180.0,179.67999267578125,9178300.0,179.67999267578125,FB
2019-10-08,180.3699951171875,177.72000122070312,178.25999450683594,177.75,9466900.0,177.75,FB
2019-10-09,180.72000122070312,177.94000244140625,179.16000366210938,179.85000610351562,7556900.0,179.85000610351562,FB
2019-10-10,181.6100006103516,179.1699981689453,180.32000732421875,180.02999877929688,8605000.0,180.02999877929688,FB
2019-10-11,186.4900054931641,182.13999938964844,182.1499938964844,184.19000244140625,14930500.0,184.19000244140625,FB
2019-10-14,184.6199951171875,182.57000732421875,184.1999969482422,183.27999877929688,7006000.0,183.27999877929688,FB
2019-10-15,190.3800048828125,183.66000366210935,183.8000030517578,188.88999938964844,15039100.0,188.88999938964844,FB
2019-10-16,189.6999969482422,186.8999938964844,188.32000732421875,189.5500030517578,10516900.0,189.5500030517578,FB
2019-10-17,190.83999633789065,188.7700042724609,190.3000030517578,190.38999938964844,9603000.0,190.38999938964844,FB
2019-10-18,191.4900054931641,183.9199981689453,190.22999572753903,185.8500061035156,16874200.0,185.8500061035156,FB
2019-10-21,189.91000366210935,186.75,187.0399932861328,189.75999450683597,8122600.0,189.75999450683597,FB
2019-10-22,190.6499938964844,181.5,190.0,182.33999633789065,19537600.0,182.33999633789065,FB
2019-10-23,186.3800048828125,182.0,182.00999450683597,186.1499938964844,12300400.0,186.1499938964844,FB
2019-10-24,186.72999572753903,182.8000030517578,184.6199951171875,186.3800048828125,11413500.0,186.3800048828125,FB
2019-10-25,189.0,185.08999633789065,185.8300018310547,187.88999938964844,8061200.0,187.88999938964844,FB
2019-10-28,189.52999877929688,185.0800018310547,187.1999969482422,189.3999938964844,13657900.0,189.3999938964844,FB
2019-10-29,192.52999877929688,188.47000122070312,191.69000244140625,189.30999755859372,13574900.0,189.30999755859372,FB
2019-10-30,190.4499969482422,185.97999572753903,189.55999755859372,188.25,28734600.0,188.25,FB
2019-10-31,198.08999633789065,188.25,196.6999969482422,191.6499938964844,42286500.0,191.6499938964844,FB
2019-11-01,194.1100006103516,189.91000366210935,192.8500061035156,193.6199951171875,21711800.0,193.6199951171875,FB
2019-11-04,197.3699951171875,193.80999755859372,194.5500030517578,194.72000122070312,16371300.0,194.72000122070312,FB
2019-11-05,195.75,193.6000061035156,195.3699951171875,194.32000732421875,9942000.0,194.32000732421875,FB
2019-11-06,194.3699951171875,191.3500061035156,194.02999877929688,191.5500030517578,10973000.0,191.5500030517578,FB
2019-11-07,193.44000244140625,189.47000122070312,191.91000366210935,190.4199981689453,13473000.0,190.4199981689453,FB
2019-11-08,192.33999633789065,189.6999969482422,190.0,190.83999633789065,10760800.0,190.83999633789065,FB
2019-11-11,190.0800018310547,188.5399932861328,189.92999267578125,189.6100006103516,8631200.0,189.6100006103516,FB
2019-11-12,195.05999755859372,189.7400054931641,190.0,194.47000122070312,17615500.0,194.47000122070312,FB
2019-11-13,195.6999969482422,192.7400054931641,194.6999969482422,193.19000244140625,10860700.0,193.19000244140625,FB
2019-11-14,194.02999877929688,191.4499969482422,192.92999267578125,193.1499938964844,9040500.0,193.1499938964844,FB
2019-11-15,195.3000030517578,193.3800048828125,194.25999450683597,195.1000061035156,11524300.0,195.1000061035156,FB
2019-11-18,198.6300048828125,193.0500030517578,194.55999755859372,197.3999938964844,16167200.0,197.3999938964844,FB
2019-11-19,200.0,196.8600006103516,197.3999938964844,199.32000732421875,19056800.0,199.32000732421875,FB
2019-11-20,199.58999633789065,195.42999267578125,198.5800018310547,197.50999450683597,12355400.0,197.50999450683597,FB
2019-11-21,199.08999633789065,196.8600006103516,197.4199981689453,197.92999267578125,12131000.0,197.92999267578125,FB
2019-11-22,199.3000030517578,197.6199951171875,198.3800048828125,198.82000732421875,9959800.0,198.82000732421875,FB
2019-11-25,200.97000122070312,199.25,199.5200042724609,199.7899932861328,15272300.0,199.7899932861328,FB
2019-11-26,200.1499938964844,198.0399932861328,200.0,198.97000122070312,11735500.0,198.97000122070312,FB
2019-11-27,203.13999938964844,199.4199981689453,199.8999938964844,202.0,12736600.0,202.0,FB
2019-11-29,203.8000030517578,201.2100067138672,201.6000061035156,201.63999938964844,7985200.0,201.63999938964844,FB
2019-12-02,202.17999267578125,198.0500030517578,202.1300048828125,199.6999969482422,11503400.0,199.6999969482422,FB
2019-12-03,198.92999267578125,195.0800018310547,197.6000061035156,198.82000732421875,11595300.0,198.82000732421875,FB
2019-12-04,200.02999877929688,198.0500030517578,200.0,198.7100067138672,8456300.0,198.7100067138672,FB
2019-12-05,201.2899932861328,198.2100067138672,199.8600006103516,199.3600006103516,9740400.0,199.3600006103516,FB
2019-12-06,201.57000732421875,200.05999755859372,200.5,201.0500030517578,12270600.0,201.0500030517578,FB
2019-12-09,203.13999938964844,200.2100067138672,200.6499938964844,201.33999633789065,11954800.0,201.33999633789065,FB
2019-12-10,202.0500030517578,200.1499938964844,201.66000366210935,200.8699951171875,9475700.0,200.8699951171875,FB
2019-12-11,202.6300048828125,200.27999877929688,200.27999877929688,202.25999450683597,8036800.0,202.25999450683597,FB
2019-12-12,203.66000366210935,194.1000061035156,202.3500061035156,196.75,23734800.0,196.75,FB
2019-12-13,196.8000030517578,193.1699981689453,196.3999938964844,194.1100006103516,18798000.0,194.1100006103516,FB
2019-12-16,199.1199951171875,194.80999755859372,195.2700042724609,197.9199981689453,14911500.0,197.9199981689453,FB
2019-12-17,199.0,196.1300048828125,198.83999633789065,198.38999938964844,10175700.0,198.38999938964844,FB
2019-12-18,204.3000030517578,200.08999633789065,200.08999633789065,202.5,23274400.0,202.5,FB
2019-12-19,206.3000030517578,202.50999450683597,202.77999877929688,206.05999755859372,16514600.0,206.05999755859372,FB
2019-12-20,207.7100067138672,203.42999267578125,207.47999572753903,206.3000030517578,27306900.0,206.3000030517578,FB
2019-12-23,208.58999633789065,205.67999267578125,206.6999969482422,206.17999267578125,13348900.0,206.17999267578125,FB
2019-12-24,206.7899932861328,205.0,206.3000030517578,205.1199951171875,6046300.0,205.1199951171875,FB
2019-12-26,207.82000732421875,205.30999755859372,205.57000732421875,207.7899932861328,9350700.0,207.7899932861328,FB
2019-12-27,208.92999267578125,206.58999633789065,208.6699981689453,208.1000061035156,10284200.0,208.1000061035156,FB
2019-12-30,207.8999938964844,203.8999938964844,207.8600006103516,204.41000366210935,10524300.0,204.41000366210935,FB
2019-12-31,205.55999755859372,203.6000061035156,204.0,205.25,8953500.0,205.25,FB
2020-01-02,209.7899932861328,206.2700042724609,206.75,209.77999877929688,12077100.0,209.77999877929688,FB
2020-01-03,210.3999938964844,206.9499969482422,207.2100067138672,208.6699981689453,11188400.0,208.6699981689453,FB
2020-01-06,212.77999877929688,206.5200042724609,206.6999969482422,212.6000061035156,17058900.0,212.6000061035156,FB
2020-01-07,214.5800018310547,211.75,212.82000732421875,213.05999755859372,14912400.0,213.05999755859372,FB
2020-01-08,216.2400054931641,212.6100006103516,213.0,215.22000122070312,13475000.0,215.22000122070312,FB
2020-01-09,218.3800048828125,216.27999877929688,217.5399932861328,218.3000030517578,12642800.0,218.3000030517578,FB
2020-01-10,219.8800048828125,217.4199981689453,219.1999969482422,218.05999755859372,12119400.0,218.05999755859372,FB
2020-01-13,221.97000122070312,219.2100067138672,219.6000061035156,221.91000366210935,14463400.0,221.91000366210935,FB
2020-01-14,222.3800048828125,218.6300048828125,221.6100006103516,219.05999755859372,13288900.0,219.05999755859372,FB
2020-01-15,221.67999267578125,220.13999938964844,220.6100006103516,221.1499938964844,10036500.0,221.1499938964844,FB
2020-01-16,222.6300048828125,220.38999938964844,222.57000732421875,221.7700042724609,10015300.0,221.7700042724609,FB
2020-01-17,222.2899932861328,220.52999877929688,222.02999877929688,222.13999938964844,15905900.0,222.13999938964844,FB
2020-01-21,222.3699951171875,219.1199951171875,222.16000366210935,221.44000244140625,14275800.0,221.44000244140625,FB
2020-01-22,222.75,221.27999877929688,222.30999755859372,221.32000732421875,12212800.0,221.32000732421875,FB
2020-01-23,221.4900054931641,219.2700042724609,220.75,219.75999450683597,11195000.0,219.75999450683597,FB
2020-01-24,221.77999877929688,216.1100006103516,220.8000030517578,217.94000244140625,11905800.0,217.94000244140625,FB
2020-01-27,216.05999755859372,212.5,213.1000061035156,214.8699951171875,13810700.0,214.8699951171875,FB
2020-01-28,218.7400054931641,213.5200042724609,216.13999938964844,217.7899932861328,13413800.0,217.7899932861328,FB
2020-01-29,224.1999969482422,218.4499969482422,221.44000244140625,223.22999572753903,33181300.0,223.22999572753903,FB
2020-01-30,211.42999267578125,204.75,206.52999877929688,209.52999877929688,48775500.0,209.52999877929688,FB
2020-01-31,208.69000244140625,201.05999755859372,208.42999267578125,201.91000366210935,31359900.0,201.91000366210935,FB
2020-02-03,205.13999938964844,202.5,203.44000244140625,204.19000244140625,15495600.0,204.19000244140625,FB
2020-02-04,210.6000061035156,205.1999969482422,206.6199951171875,209.8300018310547,19628900.0,209.8300018310547,FB
2020-02-05,212.72999572753903,208.7100067138672,212.50999450683597,210.1100006103516,12538200.0,210.1100006103516,FB
2020-02-06,211.19000244140625,209.33999633789065,210.47000122070312,210.8500061035156,10567500.0,210.8500061035156,FB
2020-02-07,212.82000732421875,209.92999267578125,210.3000030517578,212.3300018310547,12242500.0,212.3300018310547,FB
2020-02-10,213.8000030517578,210.66000366210935,211.5200042724609,213.05999755859372,11856400.0,213.05999755859372,FB
2020-02-11,210.8600006103516,206.50999450683597,210.19000244140625,207.19000244140625,25030800.0,207.19000244140625,FB
2020-02-12,211.22000122070312,207.3999938964844,207.8500061035156,210.75999450683597,13813700.0,210.75999450683597,FB
2020-02-13,214.3300018310547,209.17999267578125,209.5200042724609,213.13999938964844,15396600.0,213.13999938964844,FB
2020-02-14,214.92999267578125,212.6499938964844,214.0,214.17999267578125,10741700.0,214.17999267578125,FB
2020-02-18,217.97999572753903,213.3999938964844,213.5500030517578,217.8000030517578,15609200.0,217.8000030517578,FB
2020-02-19,218.32000732421875,216.1100006103516,217.9900054931641,217.4900054931641,12135100.0,217.4900054931641,FB
2020-02-20,218.7700042724609,212.9499969482422,216.5200042724609,214.5800018310547,13109200.0,214.5800018310547,FB
2020-02-21,214.2400054931641,208.8300018310547,213.47999572753903,210.17999267578125,14092300.0,210.17999267578125,FB
2020-02-24,203.6499938964844,198.1699981689453,201.8000030517578,200.72000122070312,23080100.0,200.72000122070312,FB
2020-02-25,203.5,195.9499969482422,202.25,196.7700042724609,21433500.0,196.7700042724609,FB
2020-02-26,201.2100067138672,195.4900054931641,197.19000244140625,197.1999969482422,16524500.0,197.1999969482422,FB
2020-02-27,195.8800048828125,189.5,191.82000732421875,189.75,21682600.0,189.75,FB
2020-02-28,192.7400054931641,181.82000732421875,182.6999969482422,192.47000122070312,32568900.0,192.47000122070312,FB
2020-03-02,196.57000732421875,188.8500061035156,194.02999877929688,196.44000244140625,24949000.0,196.44000244140625,FB
2020-03-03,197.2400054931641,183.97000122070312,196.22000122070312,185.88999938964844,27984100.0,185.88999938964844,FB
2020-03-04,191.8300018310547,186.38999938964844,189.1699981689453,191.75999450683597,23062500.0,191.75999450683597,FB
2020-03-05,188.9900054931641,183.88999938964844,186.77999877929688,185.1699981689453,19333400.0,185.1699981689453,FB
2020-03-06,183.77999877929688,176.25999450683594,178.3300018310547,181.08999633789065,24559600.0,181.08999633789065,FB
2020-03-09,175.0,165.19000244140625,169.60000610351562,169.5,29949000.0,169.5,FB
2020-03-10,178.2899932861328,169.5,174.6699981689453,178.19000244140625,24517800.0,178.19000244140625,FB
2020-03-11,175.8800048828125,167.66000366210938,174.00999450683594,170.24000549316406,20373900.0,170.24000549316406,FB
2020-03-12,166.60000610351562,154.33999633789062,159.5399932861328,154.47000122070312,43266300.0,154.47000122070312,FB
2020-03-13,170.7899932861328,157.60000610351562,163.52999877929688,170.27999877929688,35028600.0,170.27999877929688,FB
2020-03-16,159.1300048828125,143.10000610351562,152.32000732421875,146.00999450683594,39120400.0,146.00999450683594,FB
2020-03-17,153.94000244140625,140.0,150.74000549316406,149.4199981689453,34255600.0,149.4199981689453,FB
2020-03-18,148.17999267578125,137.10000610351562,139.75,146.9600067138672,37553100.0,146.9600067138672,FB
2020-03-19,159.92999267578125,144.8000030517578,146.6199951171875,153.1300048828125,39862300.0,153.1300048828125,FB
2020-03-20,159.27000427246094,148.0,156.02000427246094,149.72999572753906,32568400.0,149.72999572753906,FB
2020-03-23,152.30999755859375,142.25,149.66000366210938,148.10000610351562,29830800.0,148.10000610351562,FB
2020-03-24,161.30999755859375,152.57000732421875,155.2100067138672,160.97999572753906,30440400.0,160.97999572753906,FB
2020-03-25,162.99000549316406,153.05999755859375,158.9199981689453,156.2100067138672,35184300.0,156.2100067138672,FB
2020-03-26,164.0,157.02000427246094,158.25,163.33999633789062,26556800.0,163.33999633789062,FB
2020-03-27,160.08999633789062,154.75,158.1999969482422,156.7899932861328,24879900.0,156.7899932861328,FB
2020-03-30,166.75,158.05999755859375,159.17999267578125,165.9499969482422,22515200.0,165.9499969482422,FB
2020-03-31,170.92999267578125,164.1999969482422,165.47999572753906,166.8000030517578,23676300.0,166.8000030517578,FB
2020-04-01,164.14999389648438,158.0399932861328,161.6199951171875,159.60000610351562,19507600.0,159.60000610351562,FB
2020-04-02,161.35000610351562,155.9199981689453,159.10000610351562,158.19000244140625,20886300.0,158.19000244140625,FB
2020-04-03,157.91000366210938,150.8300018310547,157.14999389648438,154.17999267578125,25983300.0,154.17999267578125,FB
2020-04-06,166.1999969482422,158.50999450683594,160.14999389648438,165.5500030517578,28453600.0,165.5500030517578,FB
2020-04-07,173.38999938964844,166.00999450683594,171.7899932861328,168.8300018310547,31411900.0,168.8300018310547,FB
2020-04-08,175.0,167.74000549316406,171.25,174.27999877929688,21664200.0,174.27999877929688,FB
2020-04-09,177.0800018310547,171.57000732421875,175.89999389648438,175.19000244140625,23534300.0,175.19000244140625,FB
2020-04-13,175.0,169.4499969482422,173.6699981689453,174.7899932861328,19355400.0,174.7899932861328,FB
2020-04-14,181.22999572753903,176.6199951171875,178.97999572753906,178.1699981689453,21011800.0,178.1699981689453,FB
2020-04-15,178.19000244140625,172.82000732421875,175.19000244140625,176.97000122070312,17423000.0,176.97000122070312,FB
2020-04-16,178.0500030517578,172.50999450683594,177.9499969482422,176.25,23593200.0,176.25,FB
2020-04-17,180.27999877929688,176.66000366210938,179.1999969482422,179.24000549316406,20974800.0,179.24000549316406,FB
2020-04-20,180.5,176.77000427246094,177.41000366210938,178.24000549316406,16110700.0,178.24000549316406,FB
2020-04-21,175.3800048828125,168.33999633789062,175.25,170.8000030517578,24850500.0,170.8000030517578,FB
2020-04-22,184.77999877929688,178.13999938964844,178.4499969482422,182.27999877929688,33242000.0,182.27999877929688,FB
2020-04-23,187.0500030517578,183.1499938964844,184.0800018310547,185.1300048828125,21426600.0,185.1300048828125,FB
2020-04-24,190.41000366210935,180.8300018310547,183.22999572753903,190.07000732421875,28792000.0,190.07000732421875,FB
2020-04-27,193.75,187.41000366210935,192.66000366210935,187.5,29197800.0,187.5,FB
2020-04-28,189.1999969482422,182.55999755859372,188.66000366210935,182.91000366210935,21731000.0,182.91000366210935,FB
2020-04-29,196.91000366210935,190.0,190.92999267578125,194.19000244140625,45954500.0,194.19000244140625,FB
2020-04-30,209.69000244140625,201.57000732421875,206.9199981689453,204.7100067138672,46230100.0,204.7100067138672,FB
2020-05-01,207.27999877929688,199.0500030517578,201.6000061035156,202.2700042724609,30415600.0,202.2700042724609,FB
2020-05-04,205.91000366210935,198.75999450683597,200.1999969482422,205.25999450683597,19250700.0,205.25999450683597,FB
2020-05-05,210.3800048828125,206.5,207.0200042724609,207.07000732421875,21071200.0,207.07000732421875,FB
2020-05-06,211.6000061035156,206.66000366210935,208.1199951171875,208.47000122070312,21857000.0,208.47000122070312,FB
2020-05-07,211.6000061035156,209.0399932861328,211.16000366210935,211.25999450683597,15152000.0,211.25999450683597,FB
2020-05-08,213.2100067138672,210.8500061035156,212.2400054931641,212.3500061035156,12506000.0,212.3500061035156,FB
2020-05-11,215.0,210.3699951171875,210.88999938964844,213.17999267578125,12911900.0,213.17999267578125,FB
2020-05-12,215.27999877929688,210.0,213.2899932861328,210.1000061035156,14704600.0,210.1000061035156,FB
2020-05-13,210.77999877929688,202.1100006103516,209.42999267578125,205.1000061035156,20684600.0,205.1000061035156,FB
2020-05-14,206.92999267578125,200.69000244140625,202.55999755859372,206.80999755859372,17178900.0,206.80999755859372,FB
2020-05-15,211.33999633789065,204.1199951171875,205.2700042724609,210.8800048828125,19383200.0,210.8800048828125,FB
2020-05-18,214.63999938964844,210.94000244140625,212.1499938964844,213.19000244140625,20151900.0,213.19000244140625,FB
2020-05-19,220.4900054931641,212.8300018310547,213.2700042724609,216.8800048828125,31843200.0,216.8800048828125,FB
2020-05-20,231.33999633789065,223.19000244140625,223.5,229.97000122070312,50162900.0,229.97000122070312,FB
2020-05-21,237.1999969482422,231.1999969482422,234.72000122070312,231.38999938964844,47782600.0,231.38999938964844,FB
2020-05-22,235.9900054931641,228.7400054931641,231.50999450683597,234.91000366210935,33925600.0,234.91000366210935,FB
2020-05-26,240.8999938964844,231.6699981689453,239.7700042724609,232.1999969482422,33178300.0,232.1999969482422,FB
2020-05-27,230.55999755859372,221.1300048828125,229.07000732421875,229.13999938964844,34697600.0,229.13999938964844,FB
2020-05-28,231.6300048828125,224.0,224.3000030517578,225.4600067138672,29377200.0,225.4600067138672,FB
2020-05-29,227.4900054931641,222.8800048828125,225.1999969482422,225.08999633789065,23241500.0,225.08999633789065,FB
2020-06-01,232.44000244140625,223.5,224.58999633789065,231.91000366210935,18223800.0,231.91000366210935,FB
2020-06-02,233.0,226.55999755859372,230.94000244140625,232.72000122070312,20919000.0,232.72000122070312,FB
2020-06-03,232.6499938964844,228.52999877929688,232.1100006103516,230.16000366210935,15380300.0,230.16000366210935,FB
2020-06-04,231.6300048828125,224.6100006103516,229.55999755859372,226.2899932861328,17041500.0,226.2899932861328,FB
2020-06-05,231.3500061035156,225.30999755859372,226.7100067138672,230.7700042724609,16750400.0,230.7700042724609,FB
2020-06-08,231.5500030517578,227.41000366210935,229.02999877929688,231.3999938964844,15466500.0,231.3999938964844,FB
2020-06-09,239.7700042724609,230.41000366210935,231.5200042724609,238.6699981689453,27462900.0,238.6699981689453,FB
2020-06-10,241.2100067138672,235.27999877929688,240.9600067138672,236.72999572753903,20720700.0,236.72999572753903,FB
2020-06-11,232.88999938964844,223.5500030517578,229.94000244140625,224.42999267578125,26708200.0,224.42999267578125,FB
2020-06-12,231.66000366210935,224.5,229.8999938964844,228.5800018310547,22091400.0,228.5800018310547,FB
2020-06-15,233.7700042724609,224.8000030517578,225.08999633789065,232.5,15340300.0,232.5,FB
2020-06-16,238.4600067138672,233.0,237.13999938964844,235.6499938964844,15236700.0,235.6499938964844,FB
2020-06-17,237.58999633789065,231.72999572753903,235.0,235.52999877929688,19578100.0,235.52999877929688,FB
2020-06-18,236.13999938964844,232.1499938964844,234.9900054931641,235.94000244140625,15782500.0,235.94000244140625,FB
2020-06-19,240.8300018310547,235.5500030517578,237.7899932861328,238.7899932861328,30081300.0,238.7899932861328,FB
2020-06-22,240.6999969482422,236.91000366210935,238.55999755859372,239.22000122070312,18917800.0,239.22000122070312,FB
2020-06-23,245.19000244140625,239.8600006103516,241.27999877929688,242.2400054931641,24017900.0,242.2400054931641,FB
2020-06-24,243.22000122070312,232.67999267578125,241.1999969482422,234.0200042724609,20834900.0,234.0200042724609,FB
2020-06-25,237.3000030517578,232.7400054931641,234.6199951171875,235.67999267578125,18704300.0,235.67999267578125,FB
2020-06-26,233.08999633789065,215.3999938964844,232.63999938964844,216.0800018310547,76343900.0,216.0800018310547,FB
2020-06-29,220.75,207.1100006103516,209.75,220.63999938964844,58514300.0,220.63999938964844,FB
2020-06-30,227.5,218.47000122070312,220.58999633789065,227.07000732421875,33927100.0,227.07000732421875,FB
2020-07-01,239.0,227.55999755859372,228.5,237.5500030517578,43399700.0,237.5500030517578,FB
2020-07-02,240.0,232.6100006103516,239.0,233.4199981689453,30633600.0,233.4199981689453,FB
2020-07-06,240.3999938964844,232.2700042724609,233.75999450683597,240.27999877929688,26206200.0,240.27999877929688,FB
2020-07-07,247.6499938964844,238.82000732421875,239.41000366210935,240.8600006103516,27887800.0,240.8600006103516,FB
2020-07-08,246.9900054931641,236.58999633789065,238.1100006103516,243.5800018310547,29791300.0,243.5800018310547,FB
2020-07-09,246.52999877929688,239.2400054931641,245.0,244.5,22174900.0,244.5,FB
2020-07-10,245.4900054931641,239.32000732421875,243.69000244140625,245.07000732421875,22982700.0,245.07000732421875,FB
2020-07-13,250.1499938964844,238.4199981689453,247.00999450683597,239.0,24674900.0,239.0,FB
2020-07-14,240.3300018310547,232.02999877929688,236.75999450683597,239.72999572753903,23378100.0,239.72999572753903,FB
2020-07-15,244.82000732421875,238.0500030517578,241.5500030517578,240.27999877929688,19133600.0,240.27999877929688,FB
2020-07-16,241.75999450683597,236.3300018310547,238.0,240.92999267578125,18880700.0,240.92999267578125,FB
2020-07-17,244.16000366210935,237.8600006103516,241.0,242.02999877929688,18152400.0,242.02999877929688,FB
2020-07-20,246.0500030517578,235.63999938964844,240.05999755859372,245.4199981689453,20872200.0,245.4199981689453,FB
2020-07-21,246.91000366210935,240.0800018310547,246.22000122070312,241.75,19364200.0,241.75,FB
2020-07-22,241.8999938964844,238.1199951171875,240.25999450683597,239.8699951171875,15427900.0,239.8699951171875,FB
2020-07-23,242.4199981689453,231.75,239.6300048828125,232.6000061035156,21771800.0,232.6000061035156,FB
2020-07-24,233.4900054931641,226.8999938964844,230.19000244140625,230.7100067138672,18325800.0,230.7100067138672,FB
2020-07-27,234.9499969482422,230.8300018310547,231.4600067138672,233.5,13163100.0,233.5,FB
2020-07-28,234.9600067138672,229.8300018310547,234.6300048828125,230.1199951171875,14170100.0,230.1199951171875,FB
2020-07-29,233.6999969482422,230.30999755859372,231.13999938964844,233.2899932861328,13588300.0,233.2899932861328,FB
2020-07-30,234.88999938964844,229.0,230.22000122070312,234.5,20615300.0,234.5,FB
2020-07-31,255.8500061035156,249.0,255.82000732421875,253.6699981689453,53005100.0,253.6699981689453,FB
2020-08-03,255.3999938964844,250.3300018310547,252.6499938964844,251.9600067138672,23124900.0,251.9600067138672,FB
2020-08-04,252.8000030517578,247.42999267578125,251.55999755859372,249.8300018310547,17183500.0,249.8300018310547,FB
2020-08-05,252.2700042724609,247.7700042724609,250.19000244140625,249.1199951171875,13050100.0,249.1199951171875,FB
2020-08-06,266.6000061035156,248.6699981689453,249.0399932861328,265.2799987792969,45241600.0,265.2799987792969,FB
2020-08-07,278.8900146484375,263.42999267578125,264.0799865722656,268.44000244140625,72766400.0,268.44000244140625,FB
2020-08-10,273.8599853515625,259.69000244140625,268.0400085449219,263.0,30248800.0,263.0,FB
2020-08-11,265.9200134277344,255.1300048828125,260.19000244140625,256.1300048828125,28238300.0,256.1300048828125,FB
2020-08-12,263.8999938964844,258.1099853515625,258.9700012207031,259.8900146484375,21415700.0,259.8900146484375,FB
2020-08-13,265.1600036621094,259.57000732421875,261.54998779296875,261.29998779296875,17374000.0,261.29998779296875,FB
2020-08-14,262.6499938964844,258.67999267578125,262.3099975585937,261.239990234375,14792700.0,261.239990234375,FB
2020-08-17,264.1000061035156,259.3999938964844,262.5,261.1600036621094,13351100.0,261.1600036621094,FB
2020-08-18,265.1499938964844,259.260009765625,260.95001220703125,262.3399963378906,18690400.0,262.3399963378906,FB
2020-08-19,267.9100036621094,261.3500061035156,261.3900146484375,262.5899963378906,23291500.0,262.5899963378906,FB
2020-08-20,269.6300048828125,261.4599914550781,261.5,269.010009765625,20299700.0,269.010009765625,FB
2020-08-21,270.489990234375,266.4200134277344,268.69000244140625,267.010009765625,15538600.0,267.010009765625,FB
2020-08-24,277.25,268.7699890136719,271.07000732421875,271.3900146484375,23685600.0,271.3900146484375,FB
2020-08-25,283.0899963378906,270.260009765625,272.4100036621094,280.82000732421875,42127200.0,280.82000732421875,FB
2020-08-26,304.6700134277344,284.0,284.0,303.9100036621094,69015200.0,303.9100036621094,FB
2020-08-27,301.2300109863281,292.0199890136719,300.1600036621094,293.2200012207031,30301300.0,293.2200012207031,FB
2020-08-28,297.2300109863281,290.9800109863281,295.0,293.6600036621094,17157400.0,293.6600036621094,FB
2020-08-31,296.8800048828125,291.54998779296875,293.95001220703125,293.20001220703125,17345100.0,293.20001220703125,FB
2020-09-01,301.489990234375,292.7099914550781,294.7099914550781,295.44000244140625,17295900.0,295.44000244140625,FB
2020-09-02,303.6000061035156,293.04998779296875,298.8800048828125,302.5,24341400.0,302.5,FB
2020-09-03,297.6000061035156,283.6300048828125,295.989990234375,291.1199951171875,32294100.0,291.1199951171875,FB
2020-09-04,289.0,271.1400146484375,287.25,282.7300109863281,30333700.0,282.7300109863281,FB
2020-09-08,279.29998779296875,269.4200134277344,271.2799987792969,271.1600036621094,24864000.0,271.1600036621094,FB
2020-09-09,278.4800109863281,271.3500061035156,275.7699890136719,273.7200012207031,22918800.0,273.7200012207031,FB
2020-09-10,279.1600036621094,267.0299987792969,275.510009765625,268.0899963378906,24814700.0,268.0899963378906,FB
2020-09-11,271.3900146484375,262.6400146484375,270.0599975585937,266.6099853515625,18913900.0,266.6099853515625,FB
2020-09-14,276.6400146484375,265.70001220703125,270.95001220703125,266.1499938964844,24093800.0,266.1499938964844,FB
2020-09-15,274.5199890136719,269.29998779296875,270.6700134277344,272.4200134277344,18478500.0,272.4200134277344,FB
2020-09-16,272.44000244140625,261.7900085449219,267.2900085449219,263.5199890136719,29183400.0,263.5199890136719,FB
2020-09-17,261.5,250.19000244140625,258.2799987792969,254.82000732421875,31281400.0,254.82000732421875,FB
2020-09-18,259.20001220703125,250.0500030517578,258.3999938964844,252.52999877929688,28130800.0,252.52999877929688,FB
2020-09-21,249.9499969482422,244.1300048828125,247.5399932861328,248.1499938964844,24709400.0,248.1499938964844,FB
2020-09-22,255.32000732421875,248.22000122070312,253.30999755859372,254.75,30293100.0,254.75,FB
2020-09-23,257.989990234375,248.1499938964844,255.25999450683597,249.0200042724609,19641300.0,249.0200042724609,FB
2020-09-24,252.2400054931641,245.6199951171875,246.5,249.52999877929688,20006800.0,249.52999877929688,FB
2020-09-25,255.75,246.6100006103516,249.3999938964844,254.82000732421875,18351300.0,254.82000732421875,FB
2020-09-28,259.6000061035156,254.82000732421875,259.3999938964844,256.82000732421875,18826300.0,256.82000732421875,FB
2020-09-29,263.3299865722656,256.8999938964844,257.8099975585937,261.7900085449219,20200200.0,261.7900085449219,FB
2020-09-30,266.0799865722656,260.1000061035156,261.9800109863281,261.8999938964844,20142500.0,261.8999938964844,FB
2020-10-01,268.3299865722656,264.79998779296875,265.3500061035156,266.6300048828125,20009800.0,266.6300048828125,FB
2020-10-02,265.1499938964844,259.17999267578125,261.2099914550781,259.94000244140625,16367600.0,259.94000244140625,FB
2020-10-05,264.8699951171875,260.8399963378906,262.20001220703125,264.6499938964844,12822300.0,264.6499938964844,FB
2020-10-06,265.69000244140625,258.239990234375,261.7799987792969,258.6600036621094,18696900.0,258.6600036621094,FB
2020-10-07,260.17999267578125,254.82000732421875,259.2099914550781,258.1199951171875,23133400.0,258.1199951171875,FB
2020-10-08,264.6199951171875,259.1499938964844,259.75,263.760009765625,16312800.0,263.760009765625,FB
2020-10-09,264.75,262.1700134277344,264.5199890136719,264.45001220703125,14092000.0,264.45001220703125,FB
2020-10-12,280.17999267578125,267.8699951171875,270.20001220703125,275.75,31019300.0,275.75,FB
2020-10-13,279.1000061035156,273.3900146484375,277.5799865722656,276.1400146484375,18063300.0,276.1400146484375,FB
2020-10-14,278.75,271.5,277.6199951171875,271.82000732421875,15601200.0,271.82000732421875,FB
2020-10-15,269.0400085449219,263.6700134277344,267.6000061035156,266.7200012207031,15416100.0,266.7200012207031,FB
2020-10-16,271.3699951171875,265.29998779296875,267.3800048828125,265.92999267578125,16606900.0,265.92999267578125,FB
2020-10-19,268.54998779296875,259.8800048828125,265.5299987792969,261.3999938964844,13587000.0,261.3999938964844,FB
2020-10-20,269.70001220703125,262.8800048828125,263.0599975585937,267.5599975585937,18763200.0,267.5599975585937,FB
2020-10-21,283.04998779296875,276.3699951171875,279.5599975585937,278.7300109863281,28998600.0,278.7300109863281,FB
2020-10-22,282.45001220703125,275.0400085449219,279.8699951171875,278.1199951171875,16720000.0,278.1199951171875,FB
2020-10-26,285.2300109863281,274.260009765625,283.1600036621094,277.1099853515625,21322900.0,277.1099853515625,FB
2020-10-27,284.510009765625,276.3099975585937,278.760009765625,283.2900085449219,16287200.0,283.2900085449219,FB
2020-10-28,278.7900085449219,267.260009765625,278.7900085449219,267.6700134277344,23121800.0,267.6700134277344,FB
2020-10-29,283.6000061035156,273.7799987792969,276.54998779296875,280.8299865722656,32368100.0,280.8299865722656,FB
2020-10-30,276.70001220703125,259.1000061035156,274.5,263.1099853515625,47247800.0,263.1099853515625,FB
2020-11-02,270.4700012207031,257.3399963378906,264.6000061035156,261.3599853515625,27165700.0,261.3599853515625,FB
2020-11-03,270.04998779296875,260.8800048828125,263.1600036621094,265.29998779296875,17961900.0,265.29998779296875,FB
2020-11-04,288.94000244140625,278.6199951171875,281.0,287.3800048828125,35364400.0,287.3800048828125,FB
2020-11-05,297.3800048828125,288.95001220703125,291.8999938964844,294.67999267578125,23823600.0,294.67999267578125,FB
2020-11-06,294.6000061035156,288.0599975585937,293.95001220703125,293.4100036621094,13880800.0,293.4100036621094,FB
2020-11-09,292.5799865722656,278.5299987792969,289.8699951171875,278.7699890136719,25059700.0,278.7699890136719,FB
2020-11-10,274.0,264.0,273.1000061035156,272.42999267578125,29067700.0,272.42999267578125,FB
2020-11-11,278.3999938964844,272.4800109863281,273.4700012207031,276.4800109863281,14957000.0,276.4800109863281,FB
2020-11-12,279.75,274.42999267578125,277.17999267578125,275.0799865722656,12899500.0,275.0799865722656,FB
2020-11-13,277.760009765625,273.1000061035156,277.7200012207031,276.95001220703125,10391200.0,276.95001220703125,FB
2020-11-16,279.4100036621094,274.6300048828125,275.04998779296875,278.9599914550781,12970400.0,278.9599914550781,FB
2020-11-17,277.67999267578125,273.2900085449219,277.67999267578125,275.0,15040300.0,275.0,FB
2020-11-18,277.3900146484375,271.8399963378906,274.5199890136719,271.9700012207031,12152900.0,271.9700012207031,FB
2020-11-19,273.4700012207031,269.19000244140625,271.0199890136719,272.94000244140625,12963700.0,272.94000244140625,FB
2020-11-20,273.0,269.4100036621094,272.5599975585937,269.70001220703125,18114700.0,269.70001220703125,FB
2020-11-23,270.95001220703125,264.5299987792969,270.8900146484375,268.42999267578125,20990800.0,268.42999267578125,FB
2020-11-24,277.82000732421875,267.8699951171875,268.489990234375,276.9200134277344,16930400.0,276.9200134277344,FB
2020-11-25,280.17999267578125,272.6499938964844,278.1400146484375,275.5899963378906,12467000.0,275.5899963378906,FB
2020-11-27,279.1300048828125,274.82000732421875,277.3900146484375,277.8099975585937,7808400.0,277.8099975585937,FB
2020-11-30,277.70001220703125,271.010009765625,276.0299987792969,276.9700012207031,16693300.0,276.9700012207031,FB
2020-12-01,289.29998779296875,278.9599914550781,279.1600036621094,286.54998779296875,20777900.0,286.54998779296875,FB
2020-12-02,291.7799987792969,280.8299865722656,285.3599853515625,287.5199890136719,17361600.0,287.5199890136719,FB
2020-12-03,286.6499938964844,281.07000732421875,286.25,281.8500061035156,12921700.0,281.8500061035156,FB
2020-12-04,283.4599914550781,279.29998779296875,280.29998779296875,279.70001220703125,10846900.0,279.70001220703125,FB
2020-12-07,288.489990234375,278.20001220703125,279.19000244140625,285.5799865722656,13007700.0,285.5799865722656,FB
2020-12-08,286.42999267578125,281.54998779296875,286.010009765625,283.3999938964844,10747700.0,283.3999938964844,FB
2020-12-09,287.6300048828125,271.75,283.6600036621094,277.9200134277344,25189700.0,277.9200134277344,FB
2020-12-10,278.7300109863281,271.8599853515625,275.5400085449219,277.1199951171875,20043200.0,277.1199951171875,FB
2020-12-11,276.4800109863281,270.25,274.5299987792969,273.54998779296875,14378800.0,273.54998779296875,FB
2020-12-14,277.2200012207031,271.5599975585937,273.3699951171875,274.19000244140625,16376900.0,274.19000244140625,FB
2020-12-15,276.0799865722656,267.4700012207031,274.8299865722656,275.54998779296875,23979500.0,275.54998779296875,FB
2020-12-16,277.8599853515625,272.510009765625,274.760009765625,275.6700134277344,15885000.0,275.6700134277344,FB
2020-12-17,280.44000244140625,273.6099853515625,277.07000732421875,274.4800109863281,16377800.0,274.4800109863281,FB
2020-12-18,278.0,271.1400146484375,275.7699890136719,276.3999938964844,26682600.0,276.3999938964844,FB
2020-12-21,274.6700134277344,267.7900085449219,272.9800109863281,272.7900085449219,16533600.0,272.7900085449219,FB
2020-12-22,271.5,264.6300048828125,271.5,267.0899963378906,17312900.0,267.0899963378906,FB
2020-12-23,272.1700134277344,266.2300109863281,266.8900146484375,268.1099853515625,14329000.0,268.1099853515625,FB
2020-12-24,270.3999938964844,266.20001220703125,268.8800048828125,267.3999938964844,6702000.0,267.3999938964844,FB
2020-12-28,277.29998779296875,265.6600036621094,268.739990234375,277.0,23281100.0,277.0,FB
2020-12-29,280.510009765625,276.2799987792969,276.95001220703125,276.7799987792969,16383000.0,276.7799987792969,FB
2020-12-30,278.0799865722656,271.7099914550781,277.95001220703125,271.8699951171875,11803800.0,271.8699951171875,FB
2020-12-31,277.0899963378906,269.8099975585937,272.0,273.1600036621094,12892900.0,273.1600036621094,FB
2019-01-02,1052.3199462890625,1015.7100219726562,1016.5700073242188,1045.8499755859375,1532600.0,1045.8499755859375,GOOGL
2019-01-03,1056.97998046875,1014.0700073242188,1041.0,1016.0599975585938,1841100.0,1016.0599975585938,GOOGL
2019-01-04,1070.8399658203125,1027.41796875,1032.5899658203125,1070.7099609375,2093900.0,1070.7099609375,GOOGL
2019-01-07,1074.0,1054.760009765625,1071.5,1068.3900146484375,1981900.0,1068.3900146484375,GOOGL
2019-01-08,1084.56005859375,1060.530029296875,1076.1099853515625,1076.280029296875,1764900.0,1076.280029296875,GOOGL
2019-01-09,1082.6300048828125,1066.4000244140625,1081.6500244140625,1074.6600341796875,1199300.0,1074.6600341796875,GOOGL
2019-01-10,1071.1500244140625,1057.7099609375,1067.6600341796875,1070.3299560546875,1456400.0,1070.3299560546875,GOOGL
2019-01-11,1063.7750244140625,1048.47998046875,1063.1800537109375,1057.18994140625,1520800.0,1057.18994140625,GOOGL
2019-01-14,1051.530029296875,1041.2550048828125,1046.9200439453125,1044.68994140625,1144300.0,1044.68994140625,GOOGL
2019-01-15,1080.050048828125,1047.3399658203125,1050.1700439453125,1077.1500244140625,1463600.0,1077.1500244140625,GOOGL
2019-01-16,1092.375,1079.3399658203125,1080.0,1080.969970703125,1331800.0,1080.969970703125,GOOGL
2019-01-17,1091.800048828125,1073.5,1079.469970703125,1089.9000244140625,1242700.0,1089.9000244140625,GOOGL
2019-01-18,1108.35205078125,1090.9000244140625,1100.0,1098.260009765625,1955600.0,1098.260009765625,GOOGL
2019-01-22,1091.510009765625,1063.469970703125,1088.0,1070.52001953125,1613500.0,1070.52001953125,GOOGL
2019-01-23,1084.9300537109375,1059.75,1077.3499755859375,1075.5699462890625,967000.0,1075.5699462890625,GOOGL
2019-01-24,1079.4749755859375,1060.699951171875,1076.47998046875,1073.9000244140625,1361300.0,1073.9000244140625,GOOGL
2019-01-25,1094.0,1081.8199462890625,1085.0,1090.989990234375,1119100.0,1090.989990234375,GOOGL
2019-01-28,1083.0,1063.800048828125,1080.1099853515625,1070.0799560546875,1284300.0,1070.0799560546875,GOOGL
2019-01-29,1075.1500244140625,1055.864990234375,1072.6800537109375,1060.6199951171875,1021800.0,1060.6199951171875,GOOGL
2019-01-30,1091.0,1066.8499755859375,1068.4300537109375,1089.06005859375,1279800.0,1089.06005859375,GOOGL
2019-01-31,1117.3299560546875,1095.4100341796875,1103.0,1116.3699951171875,1538300.0,1116.3699951171875,GOOGL
2019-02-01,1125.0,1104.8900146484375,1112.4000244140625,1110.75,1462200.0,1110.75,GOOGL
2019-02-04,1132.800048828125,1109.02001953125,1112.6600341796875,1132.800048828125,2576500.0,1132.800048828125,GOOGL
2019-02-05,1146.8499755859375,1117.248046875,1124.8399658203125,1145.989990234375,3552200.0,1145.989990234375,GOOGL
2019-02-06,1147.0,1112.77001953125,1139.5699462890625,1115.22998046875,2105600.0,1115.22998046875,GOOGL
2019-02-07,1104.8399658203125,1086.0,1104.1600341796875,1098.7099609375,2044800.0,1098.7099609375,GOOGL
2019-02-08,1098.9100341796875,1086.550048828125,1087.0,1095.06005859375,1075800.0,1095.06005859375,GOOGL
2019-02-11,1105.9449462890625,1092.8599853515625,1096.949951171875,1095.010009765625,1065200.0,1095.010009765625,GOOGL
2019-02-12,1125.2950439453125,1105.8499755859375,1106.800048828125,1121.3699951171875,1609100.0,1121.3699951171875,GOOGL
2019-02-13,1134.72998046875,1118.5,1124.989990234375,1120.1600341796875,1049800.0,1120.1600341796875,GOOGL
2019-02-14,1128.22998046875,1110.4449462890625,1118.050048828125,1121.6700439453125,947600.0,1121.6700439453125,GOOGL
2019-02-15,1131.6700439453125,1110.6500244140625,1130.0799560546875,1113.6500244140625,1449800.0,1113.6500244140625,GOOGL
2019-02-19,1121.8900146484375,1110.0,1110.0,1118.56005859375,1046400.0,1118.56005859375,GOOGL
2019-02-20,1123.4100341796875,1105.280029296875,1119.989990234375,1113.800048828125,1087800.0,1113.800048828125,GOOGL
2019-02-21,1111.93994140625,1092.52001953125,1110.8399658203125,1096.969970703125,1415100.0,1096.969970703125,GOOGL
2019-02-22,1111.239990234375,1095.5999755859375,1100.9000244140625,1110.3699951171875,1049500.0,1110.3699951171875,GOOGL
2019-02-25,1118.5400390625,1107.27001953125,1116.0,1109.4000244140625,1413100.0,1109.4000244140625,GOOGL
2019-02-26,1119.510009765625,1099.9200439453125,1105.75,1115.1300048828125,1471300.0,1115.1300048828125,GOOGL
2019-02-27,1117.97998046875,1101.0,1106.949951171875,1116.050048828125,968400.0,1116.050048828125,GOOGL
2019-02-28,1127.6500244140625,1111.010009765625,1111.300048828125,1119.9200439453125,1542500.0,1119.9200439453125,GOOGL
2019-03-01,1142.969970703125,1124.75,1124.9000244140625,1140.989990234375,1450300.0,1140.989990234375,GOOGL
2019-03-04,1158.280029296875,1130.68994140625,1146.989990234375,1147.800048828125,1446000.0,1147.800048828125,GOOGL
2019-03-05,1169.6099853515625,1146.1949462890625,1150.06005859375,1162.030029296875,1443200.0,1162.030029296875,GOOGL
2019-03-06,1167.5660400390625,1155.489990234375,1162.489990234375,1157.8599853515625,1099300.0,1157.8599853515625,GOOGL
2019-03-07,1156.7550048828125,1134.9100341796875,1155.719970703125,1143.300048828125,1166600.0,1143.300048828125,GOOGL
2019-03-08,1147.0799560546875,1123.300048828125,1126.72998046875,1142.3199462890625,1212400.0,1142.3199462890625,GOOGL
2019-03-11,1176.18994140625,1144.449951171875,1144.449951171875,1175.760009765625,1719200.0,1175.760009765625,GOOGL
2019-03-12,1200.0,1178.260009765625,1178.260009765625,1193.199951171875,2013100.0,1193.199951171875,GOOGL
2019-03-13,1200.9300537109375,1191.93994140625,1200.64501953125,1193.3199462890625,1435900.0,1193.3199462890625,GOOGL
2019-03-14,1197.8800048828125,1184.47998046875,1194.510009765625,1185.550048828125,1172800.0,1185.550048828125,GOOGL
2019-03-15,1196.5699462890625,1182.6099853515625,1193.3800048828125,1184.4599609375,2461800.0,1184.4599609375,GOOGL
2019-03-18,1190.0,1177.4210205078125,1183.300048828125,1184.260009765625,1292600.0,1184.260009765625,GOOGL
2019-03-19,1200.0,1185.8699951171875,1188.81005859375,1198.8499755859375,1520700.0,1198.8499755859375,GOOGL
2019-03-20,1227.1400146484375,1196.1700439453125,1197.3499755859375,1223.969970703125,2227400.0,1223.969970703125,GOOGL
2019-03-21,1231.7900390625,1213.1500244140625,1216.0,1231.5400390625,1204000.0,1231.5400390625,GOOGL
2019-03-22,1230.0,1202.824951171875,1226.3199462890625,1205.5,1714200.0,1205.5,GOOGL
2019-03-25,1206.39794921875,1187.0400390625,1196.9300537109375,1193.0,1496800.0,1193.0,GOOGL
2019-03-26,1202.8299560546875,1176.719970703125,1198.530029296875,1184.6199951171875,1901200.0,1184.6199951171875,GOOGL
2019-03-27,1187.5589599609375,1159.3699951171875,1185.5,1173.02001953125,1400200.0,1173.02001953125,GOOGL
2019-03-28,1171.56494140625,1159.4310302734375,1171.5400390625,1168.489990234375,961700.0,1168.489990234375,GOOGL
2019-03-29,1178.989990234375,1162.8800048828125,1174.9000244140625,1173.31005859375,1269900.0,1173.31005859375,GOOGL
2019-04-01,1196.6600341796875,1182.0,1184.0999755859375,1194.4300537109375,1252500.0,1194.4300537109375,GOOGL
2019-04-02,1201.3499755859375,1185.7099609375,1195.3199462890625,1200.489990234375,827900.0,1200.489990234375,GOOGL
2019-04-03,1216.300048828125,1200.5,1207.47998046875,1205.9200439453125,1014300.0,1205.9200439453125,GOOGL
2019-04-04,1215.6700439453125,1204.1300048828125,1205.93994140625,1215.0,950000.0,1215.0,GOOGL
2019-04-05,1216.219970703125,1205.030029296875,1214.989990234375,1207.1500244140625,907200.0,1207.1500244140625,GOOGL
2019-04-08,1208.68994140625,1199.8599853515625,1207.8900146484375,1203.8399658203125,860200.0,1203.8399658203125,GOOGL
2019-04-09,1202.2900390625,1193.0799560546875,1196.0,1197.25,876400.0,1197.25,GOOGL
2019-04-10,1203.7850341796875,1196.43505859375,1200.6800537109375,1202.1600341796875,724600.0,1202.1600341796875,GOOGL
2019-04-11,1207.9599609375,1200.1300048828125,1203.9599609375,1204.6199951171875,710200.0,1204.6199951171875,GOOGL
2019-04-12,1218.3499755859375,1208.1099853515625,1210.0,1217.8699951171875,933400.0,1217.8699951171875,GOOGL
2019-04-15,1224.199951171875,1209.1099853515625,1218.0,1221.0999755859375,1187400.0,1221.0999755859375,GOOGL
2019-04-16,1230.8199462890625,1220.1199951171875,1225.0,1227.1300048828125,856300.0,1227.1300048828125,GOOGL
2019-04-17,1240.56005859375,1227.8199462890625,1233.0,1236.3399658203125,1221900.0,1236.3399658203125,GOOGL
2019-04-18,1242.0,1234.6099853515625,1239.1800537109375,1236.3699951171875,1331800.0,1236.3699951171875,GOOGL
2019-04-22,1249.0899658203125,1228.31005859375,1235.989990234375,1248.8399658203125,807300.0,1248.8399658203125,GOOGL
2019-04-23,1269.0,1246.3800048828125,1250.68994140625,1264.550048828125,1319900.0,1264.550048828125,GOOGL
2019-04-24,1268.010009765625,1255.0,1264.1199951171875,1256.0,1018800.0,1256.0,GOOGL
2019-04-25,1267.407958984375,1252.030029296875,1264.77001953125,1263.449951171875,1107300.0,1263.449951171875,GOOGL
2019-04-26,1273.0699462890625,1260.3199462890625,1269.0,1272.1800537109375,1241400.0,1272.1800537109375,GOOGL
2019-04-29,1289.27001953125,1266.2950439453125,1274.0,1287.5799560546875,2499400.0,1287.5799560546875,GOOGL
2019-04-30,1192.81005859375,1175.0,1185.0,1188.47998046875,6207000.0,1188.47998046875,GOOGL
2019-05-01,1188.050048828125,1167.1800537109375,1188.050048828125,1168.0799560546875,2639200.0,1168.0799560546875,GOOGL
2019-05-02,1174.18994140625,1155.001953125,1167.760009765625,1162.6099853515625,1944800.0,1162.6099853515625,GOOGL
2019-05-03,1186.800048828125,1169.0,1173.6500244140625,1185.4000244140625,1980700.0,1185.4000244140625,GOOGL
2019-05-06,1190.8499755859375,1166.260009765625,1166.260009765625,1189.3900146484375,1563900.0,1189.3900146484375,GOOGL
2019-05-07,1190.43994140625,1161.0400390625,1180.469970703125,1174.0999755859375,1551400.0,1174.0999755859375,GOOGL
2019-05-08,1180.4239501953125,1165.739990234375,1172.010009765625,1166.27001953125,1309300.0,1166.27001953125,GOOGL
2019-05-09,1169.6600341796875,1150.8499755859375,1159.030029296875,1162.3800048828125,1185700.0,1162.3800048828125,GOOGL
2019-05-10,1172.5999755859375,1142.5,1163.5899658203125,1164.27001953125,1314500.0,1164.27001953125,GOOGL
2019-05-13,1147.93994140625,1122.1099853515625,1141.9599609375,1132.030029296875,1860600.0,1132.030029296875,GOOGL
2019-05-14,1140.4200439453125,1119.550048828125,1137.2099609375,1120.43994140625,1836600.0,1120.43994140625,GOOGL
2019-05-15,1171.3299560546875,1116.666015625,1117.8699951171875,1164.2099609375,2289300.0,1164.2099609375,GOOGL
2019-05-16,1188.1600341796875,1162.8399658203125,1164.510009765625,1178.97998046875,1531400.0,1178.97998046875,GOOGL
2019-05-17,1180.1500244140625,1160.010009765625,1168.469970703125,1162.300048828125,1208600.0,1162.300048828125,GOOGL
2019-05-20,1146.7969970703125,1131.4429931640625,1144.5,1138.8499755859375,1353300.0,1138.8499755859375,GOOGL
2019-05-21,1152.7080078125,1137.93994140625,1148.489990234375,1149.6300048828125,1159800.0,1149.6300048828125,GOOGL
2019-05-22,1158.52001953125,1145.8900146484375,1146.75,1151.4200439453125,914500.0,1151.4200439453125,GOOGL
2019-05-23,1145.9730224609375,1129.2239990234375,1140.5,1140.77001953125,1198900.0,1140.77001953125,GOOGL
2019-05-24,1149.7650146484375,1131.6600341796875,1147.3599853515625,1133.469970703125,1112000.0,1133.469970703125,GOOGL
2019-05-28,1151.5870361328125,1133.1199951171875,1134.0,1134.1500244140625,1365000.0,1134.1500244140625,GOOGL
2019-05-29,1129.0999755859375,1108.219970703125,1127.52001953125,1116.4599609375,1538200.0,1116.4599609375,GOOGL
2019-05-30,1123.1300048828125,1112.1199951171875,1115.5400390625,1117.949951171875,951900.0,1117.949951171875,GOOGL
2019-05-31,1109.5999755859375,1100.1800537109375,1101.2900390625,1103.6300048828125,1507800.0,1103.6300048828125,GOOGL
2019-06-03,1065.5,1025.0,1065.5,1036.22998046875,5130600.0,1036.22998046875,GOOGL
2019-06-04,1056.050048828125,1033.68994140625,1042.9000244140625,1053.050048828125,2833500.0,1053.050048828125,GOOGL
2019-06-05,1053.550048828125,1030.489990234375,1051.5400390625,1042.219970703125,2168400.0,1042.219970703125,GOOGL
2019-06-06,1047.489990234375,1033.699951171875,1044.989990234375,1044.3399658203125,1703200.0,1044.3399658203125,GOOGL
2019-06-07,1070.9200439453125,1048.4000244140625,1050.6300048828125,1066.0400390625,1802400.0,1066.0400390625,GOOGL
2019-06-10,1092.6600341796875,1072.322021484375,1072.97998046875,1080.3800048828125,1464200.0,1080.3800048828125,GOOGL
2019-06-11,1101.989990234375,1077.60302734375,1093.97998046875,1078.719970703125,1436700.0,1078.719970703125,GOOGL
2019-06-12,1080.9300537109375,1067.5400390625,1078.0,1077.030029296875,1061000.0,1077.030029296875,GOOGL
2019-06-13,1094.1700439453125,1080.1500244140625,1083.6400146484375,1088.77001953125,1057700.0,1088.77001953125,GOOGL
2019-06-14,1092.68994140625,1080.1719970703125,1086.4200439453125,1085.3499755859375,1111500.0,1085.3499755859375,GOOGL
2019-06-17,1099.1800537109375,1086.280029296875,1086.280029296875,1092.5,941600.0,1092.5,GOOGL
2019-06-18,1116.3900146484375,1098.989990234375,1109.68994140625,1103.5999755859375,1386700.0,1103.5999755859375,GOOGL
2019-06-19,1107.0,1093.47998046875,1105.5999755859375,1102.3299560546875,1338800.0,1102.3299560546875,GOOGL
2019-06-20,1120.1199951171875,1104.739990234375,1119.989990234375,1111.4200439453125,1262000.0,1111.4200439453125,GOOGL
2019-06-21,1124.1099853515625,1108.0799560546875,1109.239990234375,1121.8800048828125,1947600.0,1121.8800048828125,GOOGL
2019-06-24,1122.0,1111.010009765625,1119.6099853515625,1115.52001953125,1395600.0,1115.52001953125,GOOGL
2019-06-25,1114.3499755859375,1083.800048828125,1112.6600341796875,1086.3499755859375,1546900.0,1086.3499755859375,GOOGL
2019-06-26,1092.969970703125,1072.239990234375,1086.5,1079.800048828125,1810900.0,1079.800048828125,GOOGL
2019-06-27,1087.0999755859375,1075.2900390625,1084.0,1076.010009765625,1004300.0,1076.010009765625,GOOGL
2019-06-28,1081.0,1073.3699951171875,1076.3900146484375,1080.9100341796875,1693200.0,1080.9100341796875,GOOGL
2019-07-01,1107.5799560546875,1093.7030029296875,1098.0,1097.949951171875,1436300.0,1097.949951171875,GOOGL
2019-07-02,1111.77001953125,1098.1700439453125,1102.239990234375,1111.25,991600.0,1111.25,GOOGL
2019-07-03,1126.760009765625,1113.8599853515625,1117.4100341796875,1121.5799560546875,767000.0,1121.5799560546875,GOOGL
2019-07-05,1132.8800048828125,1116.1400146484375,1117.800048828125,1131.5899658203125,1264300.0,1131.5899658203125,GOOGL
2019-07-08,1125.97998046875,1111.2099609375,1125.1700439453125,1116.3499755859375,1236400.0,1116.3499755859375,GOOGL
2019-07-09,1128.0250244140625,1107.1700439453125,1111.800048828125,1124.8299560546875,1330400.0,1124.8299560546875,GOOGL
2019-07-10,1142.050048828125,1130.969970703125,1131.219970703125,1140.47998046875,1209500.0,1140.47998046875,GOOGL
2019-07-11,1153.0699462890625,1139.5799560546875,1143.25,1144.2099609375,1195500.0,1144.2099609375,GOOGL
2019-07-12,1147.3399658203125,1138.780029296875,1143.989990234375,1144.9000244140625,864000.0,1144.9000244140625,GOOGL
2019-07-15,1150.8199462890625,1139.4000244140625,1146.8599853515625,1150.3399658203125,903800.0,1150.3399658203125,GOOGL
2019-07-16,1158.5799560546875,1145.0,1146.0,1153.5799560546875,1238800.0,1153.5799560546875,GOOGL
2019-07-17,1158.3599853515625,1145.77001953125,1150.969970703125,1146.3499755859375,1170000.0,1146.3499755859375,GOOGL
2019-07-18,1147.60498046875,1132.72998046875,1141.739990234375,1146.3299560546875,1290700.0,1146.3299560546875,GOOGL
2019-07-19,1151.1400146484375,1129.6199951171875,1148.18994140625,1130.0999755859375,1647200.0,1130.0999755859375,GOOGL
2019-07-22,1139.25,1124.239990234375,1133.449951171875,1138.0699462890625,1301500.0,1138.0699462890625,GOOGL
2019-07-23,1146.9000244140625,1131.800048828125,1144.0,1146.2099609375,1093700.0,1146.2099609375,GOOGL
2019-07-24,1144.0,1126.989990234375,1131.9000244140625,1137.81005859375,1589800.0,1137.81005859375,GOOGL
2019-07-25,1141.699951171875,1120.9200439453125,1137.8199462890625,1132.1199951171875,2209800.0,1132.1199951171875,GOOGL
2019-07-26,1265.550048828125,1224.0,1224.0400390625,1250.4100341796875,4805800.0,1250.4100341796875,GOOGL
2019-07-29,1247.3699951171875,1228.22998046875,1241.050048828125,1239.4100341796875,2223700.0,1239.4100341796875,GOOGL
2019-07-30,1234.8699951171875,1223.300048828125,1225.4100341796875,1225.1400146484375,1453300.0,1225.1400146484375,GOOGL
2019-07-31,1234.0,1207.7640380859375,1223.0,1216.6800537109375,1725500.0,1216.6800537109375,GOOGL
2019-08-01,1234.1099853515625,1205.719970703125,1214.030029296875,1209.010009765625,1698500.0,1209.010009765625,GOOGL
2019-08-02,1206.9000244140625,1188.93994140625,1200.739990234375,1193.989990234375,1645100.0,1193.989990234375,GOOGL
2019-08-05,1175.239990234375,1140.1400146484375,1170.0400390625,1152.3199462890625,2597500.0,1152.3199462890625,GOOGL
2019-08-06,1179.9599609375,1160.0,1163.31005859375,1169.949951171875,1709400.0,1169.949951171875,GOOGL
2019-08-07,1178.4449462890625,1149.6240234375,1156.0,1173.989990234375,1444300.0,1173.989990234375,GOOGL
2019-08-08,1205.010009765625,1173.02001953125,1182.8299560546875,1204.800048828125,1468000.0,1204.800048828125,GOOGL
2019-08-09,1203.8800048828125,1183.60302734375,1197.989990234375,1188.010009765625,1065700.0,1188.010009765625,GOOGL
2019-08-12,1184.9599609375,1167.6719970703125,1179.2099609375,1174.7099609375,1003000.0,1174.7099609375,GOOGL
2019-08-13,1204.780029296875,1171.4599609375,1171.4599609375,1197.27001953125,1294400.0,1197.27001953125,GOOGL
2019-08-14,1182.300048828125,1160.5400390625,1176.31005859375,1164.2900390625,1578700.0,1164.2900390625,GOOGL
2019-08-15,1175.8399658203125,1162.1099853515625,1163.5,1167.260009765625,1218700.0,1167.260009765625,GOOGL
2019-08-16,1182.719970703125,1171.81005859375,1179.550048828125,1177.5999755859375,1313300.0,1177.5999755859375,GOOGL
2019-08-19,1206.989990234375,1190.0899658203125,1190.0899658203125,1198.449951171875,1231600.0,1198.449951171875,GOOGL
2019-08-20,1196.06005859375,1182.1099853515625,1195.25,1182.68994140625,915500.0,1182.68994140625,GOOGL
2019-08-21,1199.0,1187.4300537109375,1193.1500244140625,1191.25,740700.0,1191.25,GOOGL
2019-08-22,1198.011962890625,1178.5799560546875,1194.0699462890625,1189.530029296875,947500.0,1189.530029296875,GOOGL
2019-08-23,1194.0799560546875,1147.75,1181.989990234375,1151.2900390625,1687000.0,1151.2900390625,GOOGL
2019-08-26,1169.469970703125,1152.9599609375,1157.260009765625,1168.8900146484375,1226100.0,1168.8900146484375,GOOGL
2019-08-27,1182.4000244140625,1161.449951171875,1180.530029296875,1167.8399658203125,1077200.0,1167.8399658203125,GOOGL
2019-08-28,1176.4200439453125,1157.300048828125,1161.7099609375,1171.02001953125,802000.0,1171.02001953125,GOOGL
2019-08-29,1196.06005859375,1181.1199951171875,1181.1199951171875,1192.8499755859375,1088400.0,1192.8499755859375,GOOGL
2019-08-30,1198.5,1183.802978515625,1198.5,1188.0999755859375,1129800.0,1188.0999755859375,GOOGL
2019-09-03,1186.8900146484375,1163.199951171875,1177.030029296875,1168.3900146484375,1479900.0,1168.3900146484375,GOOGL
2019-09-04,1183.47998046875,1171.0,1176.7099609375,1181.4100341796875,1068900.0,1181.4100341796875,GOOGL
2019-09-05,1213.0400390625,1191.530029296875,1191.530029296875,1211.3800048828125,1408100.0,1211.3800048828125,GOOGL
2019-09-06,1212.0150146484375,1202.52197265625,1208.1300048828125,1204.9300537109375,1072100.0,1204.9300537109375,GOOGL
2019-09-09,1220.0,1192.6199951171875,1204.0,1204.4100341796875,1471900.0,1204.4100341796875,GOOGL
2019-09-10,1210.0,1194.5799560546875,1195.1500244140625,1206.0,1260100.0,1206.0,GOOGL
2019-09-11,1222.5999755859375,1202.199951171875,1203.4100341796875,1220.1700439453125,1307000.0,1220.1700439453125,GOOGL
2019-09-12,1241.8599853515625,1223.02001953125,1224.300048828125,1234.25,1725900.0,1234.25,GOOGL
2019-09-13,1240.8800048828125,1227.010009765625,1231.3499755859375,1239.56005859375,1301400.0,1239.56005859375,GOOGL
2019-09-16,1239.56005859375,1225.6099853515625,1229.52001953125,1231.300048828125,1053300.0,1231.300048828125,GOOGL
2019-09-17,1235.0,1223.68994140625,1230.4000244140625,1229.1500244140625,955100.0,1229.1500244140625,GOOGL
2019-09-18,1235.6099853515625,1216.530029296875,1227.510009765625,1232.4100341796875,1135100.0,1232.4100341796875,GOOGL
2019-09-19,1244.43994140625,1232.02001953125,1232.06005859375,1238.7099609375,996000.0,1238.7099609375,GOOGL
2019-09-20,1243.3199462890625,1223.0799560546875,1233.1199951171875,1229.9300537109375,2270000.0,1229.9300537109375,GOOGL
2019-09-23,1239.0899658203125,1224.1700439453125,1226.0,1234.030029296875,1062400.0,1234.030029296875,GOOGL
2019-09-24,1246.739990234375,1210.6800537109375,1240.0,1218.760009765625,1583200.0,1218.760009765625,GOOGL
2019-09-25,1248.300048828125,1210.0899658203125,1215.8199462890625,1246.52001953125,1453000.0,1246.52001953125,GOOGL
2019-09-26,1245.0,1232.2679443359375,1241.9599609375,1241.3900146484375,1538000.0,1241.3900146484375,GOOGL
2019-09-27,1244.02001953125,1214.449951171875,1243.010009765625,1225.0899658203125,1353900.0,1225.0899658203125,GOOGL
2019-09-30,1226.0,1212.300048828125,1220.969970703125,1219.0,1404100.0,1219.0,GOOGL
2019-10-01,1231.22998046875,1203.5799560546875,1219.0,1205.0999755859375,1273500.0,1205.0999755859375,GOOGL
2019-10-02,1196.97998046875,1171.2900390625,1196.97998046875,1176.6300048828125,1615100.0,1176.6300048828125,GOOGL
2019-10-03,1189.06005859375,1162.4300537109375,1180.0,1187.8299560546875,1621200.0,1187.8299560546875,GOOGL
2019-10-04,1211.43994140625,1189.1700439453125,1191.8900146484375,1209.0,1162400.0,1209.0,GOOGL
2019-10-07,1218.2039794921875,1203.75,1204.4000244140625,1207.6800537109375,842900.0,1207.6800537109375,GOOGL
2019-10-08,1206.0799560546875,1189.010009765625,1197.5899658203125,1189.1300048828125,1039300.0,1189.1300048828125,GOOGL
2019-10-09,1208.3499755859375,1197.6300048828125,1199.3499755859375,1202.31005859375,867700.0,1202.31005859375,GOOGL
2019-10-10,1215.0,1197.3399658203125,1198.5799560546875,1208.6700439453125,846600.0,1208.6700439453125,GOOGL
2019-10-11,1228.3900146484375,1213.739990234375,1222.2099609375,1215.449951171875,1272700.0,1215.449951171875,GOOGL
2019-10-14,1226.3299560546875,1211.760009765625,1212.3399658203125,1217.1400146484375,867500.0,1217.1400146484375,GOOGL
2019-10-15,1247.3299560546875,1220.4000244140625,1220.4000244140625,1243.010009765625,1381700.0,1243.010009765625,GOOGL
2019-10-16,1254.739990234375,1238.449951171875,1241.1700439453125,1243.6400146484375,1094600.0,1243.6400146484375,GOOGL
2019-10-17,1263.324951171875,1249.93994140625,1250.9300537109375,1253.0699462890625,952400.0,1253.0699462890625,GOOGL
2019-10-18,1258.8900146484375,1241.0799560546875,1253.4599609375,1245.489990234375,1352800.0,1245.489990234375,GOOGL
2019-10-21,1254.6290283203125,1240.5999755859375,1252.260009765625,1246.1500244140625,1027200.0,1246.1500244140625,GOOGL
2019-10-22,1250.5999755859375,1241.3800048828125,1247.8499755859375,1242.800048828125,1023800.0,1242.800048828125,GOOGL
2019-10-23,1259.8900146484375,1242.3599853515625,1242.3599853515625,1259.1300048828125,911500.0,1259.1300048828125,GOOGL
2019-10-24,1264.0,1253.7149658203125,1260.9000244140625,1260.989990234375,1028100.0,1260.989990234375,GOOGL
2019-10-25,1269.5999755859375,1250.010009765625,1251.030029296875,1265.1300048828125,1213100.0,1265.1300048828125,GOOGL
2019-10-28,1299.31005859375,1272.5400390625,1275.449951171875,1290.0,2613200.0,1290.0,GOOGL
2019-10-29,1281.5899658203125,1257.2120361328125,1276.22998046875,1262.6199951171875,1886400.0,1262.6199951171875,GOOGL
2019-10-30,1269.3599853515625,1252.0,1252.969970703125,1261.2900390625,1408900.0,1261.2900390625,GOOGL
2019-10-31,1267.6700439453125,1250.843017578125,1261.280029296875,1260.1099853515625,1455700.0,1260.1099853515625,GOOGL
2019-11-01,1274.6199951171875,1260.5,1265.0,1273.739990234375,1670100.0,1273.739990234375,GOOGL
2019-11-04,1294.1300048828125,1276.35498046875,1276.449951171875,1291.3699951171875,1501000.0,1291.3699951171875,GOOGL
2019-11-05,1298.9300537109375,1291.22900390625,1292.8900146484375,1292.030029296875,1282700.0,1292.030029296875,GOOGL
2019-11-06,1293.72998046875,1282.5,1289.4599609375,1291.800048828125,1153000.0,1291.800048828125,GOOGL
2019-11-07,1323.739990234375,1294.2449951171875,1294.280029296875,1308.8599853515625,2030000.0,1308.8599853515625,GOOGL
2019-11-08,1318.0,1304.364990234375,1305.280029296875,1311.3699951171875,1251400.0,1311.3699951171875,GOOGL
2019-11-11,1306.425048828125,1297.4100341796875,1303.1800537109375,1299.18994140625,1011900.0,1299.18994140625,GOOGL
2019-11-12,1310.0,1295.77001953125,1300.0,1298.800048828125,1085900.0,1298.800048828125,GOOGL
2019-11-13,1304.300048828125,1293.510009765625,1294.0699462890625,1298.0,826700.0,1298.0,GOOGL
2019-11-14,1317.0,1295.6500244140625,1297.5,1311.4599609375,1193500.0,1311.4599609375,GOOGL
2019-11-15,1334.8800048828125,1314.280029296875,1318.93994140625,1334.8699951171875,1782600.0,1334.8699951171875,GOOGL
2019-11-18,1335.529052734375,1317.5,1332.219970703125,1320.699951171875,1487400.0,1320.699951171875,GOOGL
2019-11-19,1327.699951171875,1312.800048828125,1327.699951171875,1315.4599609375,1269200.0,1315.4599609375,GOOGL
2019-11-20,1315.0,1291.1500244140625,1311.739990234375,1303.050048828125,1308600.0,1303.050048828125,GOOGL
2019-11-21,1312.5899658203125,1293.0,1301.47998046875,1301.3499755859375,995500.0,1301.3499755859375,GOOGL
2019-11-22,1308.72998046875,1291.4100341796875,1305.6199951171875,1295.3399658203125,1385700.0,1295.3399658203125,GOOGL
2019-11-25,1311.31005859375,1298.1300048828125,1299.1800537109375,1306.68994140625,1036200.0,1306.68994140625,GOOGL
2019-11-26,1314.800048828125,1305.0899658203125,1309.8599853515625,1313.550048828125,1069700.0,1313.550048828125,GOOGL
2019-11-27,1318.3599853515625,1309.6300048828125,1315.0,1312.989990234375,995600.0,1312.989990234375,GOOGL
2019-11-29,1310.2049560546875,1303.969970703125,1307.1199951171875,1304.9599609375,587000.0,1304.9599609375,GOOGL
2019-12-02,1305.8299560546875,1281.0,1301.0,1289.9200439453125,1510900.0,1289.9200439453125,GOOGL
2019-12-03,1298.4610595703125,1279.0,1279.5699462890625,1295.280029296875,1143800.0,1295.280029296875,GOOGL
2019-12-04,1325.800048828125,1304.8699951171875,1307.010009765625,1320.5400390625,1537500.0,1320.5400390625,GOOGL
2019-12-05,1329.3580322265625,1316.43994140625,1328.0,1328.1300048828125,1212700.0,1328.1300048828125,GOOGL
2019-12-06,1344.0,1333.43994140625,1333.43994140625,1340.6199951171875,1314800.0,1340.6199951171875,GOOGL
2019-12-09,1359.449951171875,1337.8399658203125,1338.0400390625,1343.56005859375,1354300.0,1343.56005859375,GOOGL
2019-12-10,1349.9749755859375,1336.0400390625,1341.5,1344.6600341796875,1094100.0,1344.6600341796875,GOOGL
2019-12-11,1351.199951171875,1342.6700439453125,1350.8399658203125,1345.02001953125,850400.0,1345.02001953125,GOOGL
2019-12-12,1355.7750244140625,1340.5,1345.93994140625,1350.27001953125,1281000.0,1350.27001953125,GOOGL
2019-12-13,1353.093017578125,1343.8699951171875,1347.949951171875,1347.8299560546875,1549600.0,1347.8299560546875,GOOGL
2019-12-16,1364.6800537109375,1352.6700439453125,1356.5,1361.1700439453125,1397300.0,1361.1700439453125,GOOGL
2019-12-17,1365.0,1351.322998046875,1362.8900146484375,1355.1199951171875,1854000.0,1355.1199951171875,GOOGL
2019-12-18,1360.469970703125,1351.0,1356.5999755859375,1352.6199951171875,1522600.0,1352.6199951171875,GOOGL
2019-12-19,1358.0999755859375,1348.9849853515625,1351.8199462890625,1356.0400390625,1469900.0,1356.0400390625,GOOGL
2019-12-20,1363.6400146484375,1349.0,1363.3499755859375,1349.5899658203125,3315000.0,1349.5899658203125,GOOGL
2019-12-23,1359.800048828125,1346.510009765625,1355.8699951171875,1348.8399658203125,883100.0,1348.8399658203125,GOOGL
2019-12-24,1350.260009765625,1342.780029296875,1348.5,1343.56005859375,347500.0,1343.56005859375,GOOGL
2019-12-26,1361.3270263671875,1344.469970703125,1346.1700439453125,1360.4000244140625,667500.0,1360.4000244140625,GOOGL
2019-12-27,1364.530029296875,1349.31005859375,1362.989990234375,1351.8900146484375,1038400.0,1351.8900146484375,GOOGL
2019-12-30,1353.0,1334.02001953125,1350.0,1336.1400146484375,1050900.0,1336.1400146484375,GOOGL
2019-12-31,1338.0,1329.0849609375,1330.1099853515625,1337.02001953125,961800.0,1337.02001953125,GOOGL
2020-01-02,1368.1400146484375,1341.550048828125,1341.550048828125,1367.3699951171875,1406600.0,1367.3699951171875,GOOGL
2020-01-03,1372.5,1345.5439453125,1347.8599853515625,1360.6600341796875,1186400.0,1360.6600341796875,GOOGL
2020-01-06,1396.5,1350.0,1350.0,1394.2099609375,1732300.0,1394.2099609375,GOOGL
2020-01-07,1402.989990234375,1390.3800048828125,1397.93994140625,1393.3399658203125,1502700.0,1393.3399658203125,GOOGL
2020-01-08,1411.5799560546875,1390.8399658203125,1392.0799560546875,1404.3199462890625,1528000.0,1404.3199462890625,GOOGL
2020-01-09,1427.3299560546875,1410.27001953125,1420.5699462890625,1419.8299560546875,1500900.0,1419.8299560546875,GOOGL
2020-01-10,1434.928955078125,1418.3499755859375,1427.56005859375,1429.72998046875,1820700.0,1429.72998046875,GOOGL
2020-01-13,1440.52001953125,1426.02001953125,1436.1300048828125,1439.22998046875,1652300.0,1439.22998046875,GOOGL
2020-01-14,1441.800048828125,1428.3699951171875,1439.010009765625,1430.8800048828125,1558900.0,1430.8800048828125,GOOGL
2020-01-15,1441.39501953125,1430.2099609375,1430.2099609375,1439.199951171875,1282700.0,1439.199951171875,GOOGL
2020-01-16,1451.989990234375,1440.9200439453125,1447.43994140625,1451.699951171875,1173700.0,1451.699951171875,GOOGL
2020-01-17,1481.2950439453125,1458.219970703125,1462.9100341796875,1480.3900146484375,2396200.0,1480.3900146484375,GOOGL
2020-01-21,1491.8499755859375,1471.199951171875,1479.1199951171875,1484.4000244140625,2036700.0,1484.4000244140625,GOOGL
2020-01-22,1503.2139892578125,1484.9300537109375,1491.0,1485.949951171875,1610800.0,1485.949951171875,GOOGL
2020-01-23,1495.52001953125,1482.0999755859375,1487.6400146484375,1486.6500244140625,1351200.0,1486.6500244140625,GOOGL
2020-01-24,1495.4949951171875,1465.25,1493.5899658203125,1466.7099609375,1784600.0,1466.7099609375,GOOGL
2020-01-27,1438.0699462890625,1421.199951171875,1431.0,1433.9000244140625,1755200.0,1433.9000244140625,GOOGL
2020-01-28,1456.0,1432.469970703125,1443.0,1452.56005859375,1577400.0,1452.56005859375,GOOGL
2020-01-29,1465.4300537109375,1446.739990234375,1458.800048828125,1458.6300048828125,1077700.0,1458.6300048828125,GOOGL
2020-01-30,1457.280029296875,1436.4000244140625,1439.9599609375,1455.8399658203125,1339400.0,1455.8399658203125,GOOGL
2020-01-31,1470.1300048828125,1428.530029296875,1468.9000244140625,1434.22998046875,2417200.0,1434.22998046875,GOOGL
2020-02-03,1490.0,1458.989990234375,1462.0,1485.93994140625,3036800.0,1485.93994140625,GOOGL
2020-02-04,1469.5,1426.300048828125,1457.0699462890625,1447.0699462890625,3933000.0,1447.0699462890625,GOOGL
2020-02-05,1463.8399658203125,1430.56005859375,1462.4200439453125,1448.22998046875,1986200.0,1448.22998046875,GOOGL
2020-02-06,1482.0,1449.5699462890625,1450.3299560546875,1476.22998046875,1679400.0,1476.22998046875,GOOGL
2020-02-07,1485.8399658203125,1466.3499755859375,1467.300048828125,1479.22998046875,1172300.0,1479.22998046875,GOOGL
2020-02-10,1509.5,1474.3199462890625,1474.3199462890625,1508.6800537109375,1419900.0,1508.6800537109375,GOOGL
2020-02-11,1529.6300048828125,1505.637939453125,1511.81005859375,1508.7900390625,1344600.0,1508.7900390625,GOOGL
2020-02-12,1520.6949462890625,1508.1099853515625,1514.47998046875,1518.27001953125,1167600.0,1518.27001953125,GOOGL
2020-02-13,1527.1800537109375,1504.5999755859375,1512.68994140625,1514.6600341796875,929500.0,1514.6600341796875,GOOGL
2020-02-14,1520.739990234375,1507.3399658203125,1515.5999755859375,1520.739990234375,1197800.0,1520.739990234375,GOOGL
2020-02-18,1531.6300048828125,1512.5899658203125,1515.0,1519.6700439453125,1120700.0,1519.6700439453125,GOOGL
2020-02-19,1532.10595703125,1521.4000244140625,1525.0699462890625,1526.68994140625,949300.0,1526.68994140625,GOOGL
2020-02-20,1529.6400146484375,1506.8199462890625,1522.0,1518.1500244140625,1096600.0,1518.1500244140625,GOOGL
2020-02-21,1512.2149658203125,1480.43994140625,1508.030029296875,1485.1099853515625,1731700.0,1485.1099853515625,GOOGL
2020-02-24,1436.969970703125,1411.3900146484375,1426.1099853515625,1421.5899658203125,2867100.0,1421.5899658203125,GOOGL
2020-02-25,1438.1400146484375,1382.4000244140625,1433.0,1388.449951171875,2478300.0,1388.449951171875,GOOGL
2020-02-26,1415.699951171875,1379.0,1396.1400146484375,1393.1800537109375,2202400.0,1393.1800537109375,GOOGL
2020-02-27,1371.7039794921875,1317.1700439453125,1362.06005859375,1318.0899658203125,2978300.0,1318.0899658203125,GOOGL
2020-02-28,1341.1400146484375,1271.0,1277.5,1339.3299560546875,3789100.0,1339.3299560546875,GOOGL
2020-03-02,1390.8699951171875,1326.81494140625,1351.6099853515625,1389.1099853515625,2431500.0,1389.1099853515625,GOOGL
2020-03-03,1410.1500244140625,1332.0,1399.4200439453125,1341.3900146484375,2402300.0,1341.3900146484375,GOOGL
2020-03-04,1388.0899658203125,1343.1099853515625,1359.22998046875,1386.52001953125,1913300.0,1386.52001953125,GOOGL
2020-03-05,1358.9100341796875,1305.0999755859375,1350.199951171875,1319.0400390625,2561300.0,1319.0400390625,GOOGL
2020-03-06,1306.219970703125,1261.050048828125,1277.06005859375,1298.4100341796875,2660600.0,1298.4100341796875,GOOGL
2020-03-09,1254.760009765625,1200.0,1205.300048828125,1215.56005859375,3365400.0,1215.56005859375,GOOGL
2020-03-10,1281.1500244140625,1218.77001953125,1260.0,1280.3900146484375,2611400.0,1280.3900146484375,GOOGL
2020-03-11,1260.9599609375,1196.0699462890625,1249.699951171875,1215.4100341796875,2608500.0,1215.4100341796875,GOOGL
2020-03-12,1193.8699951171875,1113.300048828125,1126.0,1114.9100341796875,4226700.0,1114.9100341796875,GOOGL
2020-03-13,1219.760009765625,1117.1429443359375,1179.0,1219.72998046875,3700100.0,1219.72998046875,GOOGL
2020-03-16,1152.2669677734375,1074.43994140625,1096.0,1084.3299560546875,4252400.0,1084.3299560546875,GOOGL
2020-03-17,1130.8599853515625,1056.010009765625,1093.1099853515625,1119.800048828125,3861500.0,1119.800048828125,GOOGL
2020-03-18,1106.5,1037.280029296875,1056.510009765625,1096.800048828125,4233400.0,1096.800048828125,GOOGL
2020-03-19,1157.969970703125,1060.1080322265625,1093.050048828125,1115.2900390625,3651100.0,1115.2900390625,GOOGL
2020-03-20,1143.989990234375,1065.489990234375,1135.719970703125,1072.3199462890625,3601800.0,1072.3199462890625,GOOGL
2020-03-23,1071.3199462890625,1013.5360107421876,1061.3199462890625,1056.6199951171875,4044100.0,1056.6199951171875,GOOGL
2020-03-24,1135.0,1090.6199951171875,1103.77001953125,1134.4599609375,3344500.0,1134.4599609375,GOOGL
2020-03-25,1148.9000244140625,1086.010009765625,1126.469970703125,1102.489990234375,4081500.0,1102.489990234375,GOOGL
2020-03-26,1169.969970703125,1093.530029296875,1111.800048828125,1161.75,3571700.0,1161.75,GOOGL
2020-03-27,1150.6700439453125,1105.9100341796875,1125.6700439453125,1110.7099609375,3208500.0,1110.7099609375,GOOGL
2020-03-30,1151.6300048828125,1096.47998046875,1125.0400390625,1146.8199462890625,2574100.0,1146.8199462890625,GOOGL
2020-03-31,1175.31005859375,1138.1400146484375,1147.300048828125,1162.81005859375,2486400.0,1162.81005859375,GOOGL
2020-04-01,1129.68994140625,1097.449951171875,1122.0,1105.6199951171875,2344200.0,1105.6199951171875,GOOGL
2020-04-02,1126.8599853515625,1096.4000244140625,1098.260009765625,1120.8399658203125,1964900.0,1120.8399658203125,GOOGL
2020-04-03,1123.5400390625,1079.81005859375,1119.0150146484375,1097.8800048828125,2313400.0,1097.8800048828125,GOOGL
2020-04-06,1194.6600341796875,1130.93994140625,1138.0,1186.9200439453125,2664700.0,1186.9200439453125,GOOGL
2020-04-07,1225.0,1182.22998046875,1221.0,1186.510009765625,2387300.0,1186.510009765625,GOOGL
2020-04-08,1219.0699462890625,1188.1600341796875,1206.5,1210.280029296875,1975100.0,1210.280029296875,GOOGL
2020-04-09,1225.5699462890625,1196.7349853515625,1224.0799560546875,1211.449951171875,2175400.0,1211.449951171875,GOOGL
2020-04-13,1220.510009765625,1187.5980224609375,1209.1800537109375,1217.56005859375,1739800.0,1217.56005859375,GOOGL
2020-04-14,1282.0699462890625,1236.9300537109375,1245.0899658203125,1269.22998046875,2470400.0,1269.22998046875,GOOGL
2020-04-15,1280.4599609375,1240.4000244140625,1245.6099853515625,1262.469970703125,1671700.0,1262.469970703125,GOOGL
2020-04-16,1279.0,1242.6199951171875,1274.0999755859375,1263.469970703125,2518100.0,1263.469970703125,GOOGL
2020-04-17,1294.4300537109375,1271.22998046875,1284.8499755859375,1283.25,1949000.0,1283.25,GOOGL
2020-04-20,1281.5999755859375,1261.3699951171875,1271.0,1266.6099853515625,1695500.0,1266.6099853515625,GOOGL
2020-04-21,1254.27001953125,1209.7099609375,1247.0,1216.3399658203125,2153000.0,1216.3399658203125,GOOGL
2020-04-22,1285.613037109375,1242.0,1245.5400390625,1263.2099609375,2092400.0,1263.2099609375,GOOGL
2020-04-23,1293.31005859375,1265.6700439453125,1271.550048828125,1276.31005859375,1566200.0,1276.31005859375,GOOGL
2020-04-24,1280.4000244140625,1249.449951171875,1261.1700439453125,1279.31005859375,1639600.0,1279.31005859375,GOOGL
2020-04-27,1296.1500244140625,1269.0,1296.0,1275.8800048828125,1600600.0,1275.8800048828125,GOOGL
2020-04-28,1288.050048828125,1232.199951171875,1287.9300537109375,1233.6700439453125,2951300.0,1233.6700439453125,GOOGL
2020-04-29,1359.989990234375,1325.3399658203125,1341.4599609375,1341.47998046875,3793600.0,1341.47998046875,GOOGL
2020-04-30,1352.8199462890625,1322.489990234375,1324.8800048828125,1348.6600341796875,2668900.0,1348.6600341796875,GOOGL
2020-05-01,1352.0699462890625,1311.0,1328.5,1320.6099853515625,2072500.0,1320.6099853515625,GOOGL
2020-05-04,1327.6600341796875,1299.0,1308.22998046875,1326.800048828125,1504000.0,1326.800048828125,GOOGL
2020-05-05,1373.93994140625,1337.4599609375,1337.9200439453125,1351.1099853515625,1651500.0,1351.1099853515625,GOOGL
2020-05-06,1371.1199951171875,1347.2900390625,1361.68994140625,1347.300048828125,1215400.0,1347.300048828125,GOOGL
2020-05-07,1377.5999755859375,1355.27001953125,1365.93994140625,1372.56005859375,1397600.0,1372.56005859375,GOOGL
2020-05-08,1398.760009765625,1375.47998046875,1383.1300048828125,1388.3699951171875,1386900.0,1388.3699951171875,GOOGL
2020-05-11,1416.530029296875,1377.1519775390625,1378.280029296875,1403.260009765625,1412100.0,1403.260009765625,GOOGL
2020-05-12,1415.0,1374.77001953125,1407.1199951171875,1375.739990234375,1390600.0,1375.739990234375,GOOGL
2020-05-13,1385.4820556640625,1328.4000244140625,1377.050048828125,1349.3299560546875,1812600.0,1349.3299560546875,GOOGL
2020-05-14,1357.4200439453125,1323.9100341796875,1335.02001953125,1356.1300048828125,1603100.0,1356.1300048828125,GOOGL
2020-05-15,1374.47998046875,1339.0,1350.0,1373.18994140625,1707700.0,1373.18994140625,GOOGL
2020-05-18,1392.324951171875,1354.25,1361.75,1383.93994140625,1822400.0,1383.93994140625,GOOGL
2020-05-19,1392.0,1373.4849853515625,1386.9969482421875,1373.4849853515625,1280600.0,1373.4849853515625,GOOGL
2020-05-20,1410.4200439453125,1387.25,1389.5799560546875,1406.719970703125,1655400.0,1406.719970703125,GOOGL
2020-05-21,1415.489990234375,1393.449951171875,1408.0,1402.800048828125,1385000.0,1402.800048828125,GOOGL
2020-05-22,1412.760009765625,1391.8299560546875,1396.7099609375,1410.4200439453125,1309400.0,1410.4200439453125,GOOGL
2020-05-26,1441.0,1412.1300048828125,1437.27001953125,1417.02001953125,2060600.0,1417.02001953125,GOOGL
2020-05-27,1421.739990234375,1391.2900390625,1417.25,1417.8399658203125,1685800.0,1417.8399658203125,GOOGL
2020-05-28,1440.8399658203125,1396.0,1396.8599853515625,1416.72998046875,1692200.0,1416.72998046875,GOOGL
2020-05-29,1432.5699462890625,1413.3499755859375,1416.93994140625,1428.9200439453125,1820900.0,1428.9200439453125,GOOGL
2020-06-01,1437.9599609375,1418.0,1418.3900146484375,1431.8199462890625,1217100.0,1431.8199462890625,GOOGL
2020-06-02,1439.6099853515625,1418.8299560546875,1430.550048828125,1439.219970703125,1278100.0,1439.219970703125,GOOGL
2020-06-03,1446.552001953125,1429.7769775390625,1438.300048828125,1436.3800048828125,1256200.0,1436.3800048828125,GOOGL
2020-06-04,1438.9599609375,1404.72998046875,1430.4000244140625,1412.1800537109375,1484300.0,1412.1800537109375,GOOGL
2020-06-05,1445.050048828125,1406.0,1413.1700439453125,1438.3900146484375,1734900.0,1438.3900146484375,GOOGL
2020-06-08,1447.989990234375,1422.3399658203125,1422.3399658203125,1446.6099853515625,1404200.0,1446.6099853515625,GOOGL
2020-06-09,1468.0,1443.2099609375,1445.3599853515625,1456.1600341796875,1409200.0,1456.1600341796875,GOOGL
2020-06-10,1474.259033203125,1456.27001953125,1459.5400390625,1465.8499755859375,1525200.0,1465.8499755859375,GOOGL
2020-06-11,1454.4749755859375,1402.0,1442.47998046875,1403.8399658203125,1991300.0,1403.8399658203125,GOOGL
2020-06-12,1437.0,1386.02001953125,1428.489990234375,1413.1800537109375,1946400.0,1413.1800537109375,GOOGL
2020-06-15,1424.800048828125,1387.9200439453125,1390.800048828125,1419.8499755859375,1503900.0,1419.8499755859375,GOOGL
2020-06-16,1455.02001953125,1425.9000244140625,1445.219970703125,1442.719970703125,1709200.0,1442.719970703125,GOOGL
2020-06-17,1460.0,1431.3800048828125,1447.1600341796875,1451.1199951171875,1549600.0,1451.1199951171875,GOOGL
2020-06-18,1451.4100341796875,1427.010009765625,1449.1600341796875,1435.9599609375,1581900.0,1435.9599609375,GOOGL
2020-06-19,1447.800048828125,1421.3499755859375,1444.0,1431.719970703125,3157900.0,1431.719970703125,GOOGL
2020-06-22,1452.75,1423.2099609375,1429.0,1451.8599853515625,1542400.0,1451.8599853515625,GOOGL
2020-06-23,1475.9410400390625,1445.239990234375,1455.6400146484375,1464.4100341796875,1429800.0,1464.4100341796875,GOOGL
2020-06-24,1475.4200439453125,1429.75,1461.510009765625,1431.969970703125,1756000.0,1431.969970703125,GOOGL
2020-06-25,1442.9000244140625,1420.0,1429.9000244140625,1441.3299560546875,1230500.0,1441.3299560546875,GOOGL
2020-06-26,1433.449951171875,1351.989990234375,1431.3900146484375,1359.9000244140625,4267700.0,1359.9000244140625,GOOGL
2020-06-29,1395.5999755859375,1347.010009765625,1358.1800537109375,1394.969970703125,1810200.0,1394.969970703125,GOOGL
2020-06-30,1418.6500244140625,1383.9599609375,1390.43994140625,1413.6099853515625,2042400.0,1413.6099853515625,GOOGL
2020-07-01,1443.0,1409.8199462890625,1411.0999755859375,1438.0400390625,1775200.0,1438.0400390625,GOOGL
2020-07-02,1482.949951171875,1446.4200439453125,1446.93994140625,1464.699951171875,1859100.0,1464.699951171875,GOOGL
2020-07-06,1506.5899658203125,1472.8599853515625,1480.06005859375,1495.699951171875,1564000.0,1495.699951171875,GOOGL
2020-07-07,1516.800048828125,1483.550048828125,1490.0,1485.1800537109375,1458200.0,1485.1800537109375,GOOGL
2020-07-08,1505.8800048828125,1485.6300048828125,1494.3199462890625,1496.0,1249700.0,1496.0,GOOGL
2020-07-09,1522.719970703125,1488.0849609375,1506.449951171875,1510.989990234375,1423300.0,1510.989990234375,GOOGL
2020-07-10,1543.8299560546875,1496.5400390625,1506.1500244140625,1541.739990234375,1856300.0,1541.739990234375,GOOGL
2020-07-13,1577.1319580078125,1505.2430419921875,1550.0,1511.3399658203125,1846400.0,1511.3399658203125,GOOGL
2020-07-14,1522.949951171875,1483.5,1490.31005859375,1520.5799560546875,1585000.0,1520.5799560546875,GOOGL
2020-07-15,1535.3299560546875,1498.0,1523.1300048828125,1513.6400146484375,1610700.0,1513.6400146484375,GOOGL
2020-07-16,1518.68994140625,1486.31005859375,1500.0,1518.0,1519300.0,1518.0,GOOGL
2020-07-17,1523.43994140625,1498.4200439453125,1521.6199951171875,1515.550048828125,1456700.0,1515.550048828125,GOOGL
2020-07-20,1570.2900390625,1503.5999755859375,1515.260009765625,1565.719970703125,1557300.0,1565.719970703125,GOOGL
2020-07-21,1586.989990234375,1554.280029296875,1586.989990234375,1558.4200439453125,1216200.0,1558.4200439453125,GOOGL
2020-07-22,1570.0,1546.0999755859375,1560.5,1568.489990234375,932000.0,1568.489990234375,GOOGL
2020-07-23,1571.8699951171875,1507.3919677734375,1566.969970703125,1515.6800537109375,1627600.0,1515.6800537109375,GOOGL
2020-07-24,1517.635986328125,1488.4000244140625,1498.9300537109375,1511.8699951171875,1544000.0,1511.8699951171875,GOOGL
2020-07-27,1540.969970703125,1515.2099609375,1515.5999755859375,1530.199951171875,1246000.0,1530.199951171875,GOOGL
2020-07-28,1526.47998046875,1497.6600341796875,1525.1800537109375,1500.3399658203125,1702200.0,1500.3399658203125,GOOGL
2020-07-29,1531.251953125,1501.3299560546875,1506.3199462890625,1522.02001953125,1106500.0,1522.02001953125,GOOGL
2020-07-30,1537.8699951171875,1492.219970703125,1497.0,1531.449951171875,1671400.0,1531.449951171875,GOOGL
2020-07-31,1508.949951171875,1454.030029296875,1505.010009765625,1482.9599609375,3439900.0,1482.9599609375,GOOGL
2020-08-03,1490.469970703125,1465.6400146484375,1486.6400146484375,1474.449951171875,2330200.0,1474.449951171875,GOOGL
2020-08-04,1485.56005859375,1458.6500244140625,1476.5699462890625,1464.969970703125,1903500.0,1464.969970703125,GOOGL
2020-08-05,1482.4100341796875,1463.4599609375,1469.300048828125,1473.6099853515625,1979500.0,1473.6099853515625,GOOGL
2020-08-06,1502.3900146484375,1466.0,1471.75,1500.0999755859375,1995400.0,1500.0999755859375,GOOGL
2020-08-07,1516.844970703125,1481.6400146484375,1500.0,1494.489990234375,1577800.0,1494.489990234375,GOOGL
2020-08-10,1504.074951171875,1473.0799560546875,1487.1800537109375,1496.0999755859375,1289300.0,1496.0999755859375,GOOGL
2020-08-11,1510.0,1478.0,1492.43994140625,1480.3199462890625,1454400.0,1480.3199462890625,GOOGL
2020-08-12,1512.385986328125,1485.25,1485.5799560546875,1506.6199951171875,1437000.0,1506.6199951171875,GOOGL
2020-08-13,1537.25,1508.0050048828125,1510.3399658203125,1518.449951171875,1455200.0,1518.449951171875,GOOGL
2020-08-14,1521.9000244140625,1502.8800048828125,1515.6600341796875,1507.72998046875,1354800.0,1507.72998046875,GOOGL
2020-08-17,1525.6099853515625,1507.969970703125,1514.6700439453125,1517.97998046875,1378300.0,1517.97998046875,GOOGL
2020-08-18,1562.469970703125,1523.7099609375,1526.1800537109375,1558.5999755859375,2027100.0,1558.5999755859375,GOOGL
2020-08-19,1573.6800537109375,1543.949951171875,1553.31005859375,1547.530029296875,1660600.0,1547.530029296875,GOOGL
2020-08-20,1585.8699951171875,1538.199951171875,1543.449951171875,1581.75,1706900.0,1581.75,GOOGL
2020-08-21,1597.719970703125,1568.0050048828125,1577.030029296875,1580.4200439453125,1446500.0,1580.4200439453125,GOOGL
2020-08-24,1614.1700439453125,1580.5699462890625,1593.97998046875,1588.199951171875,1409900.0,1588.199951171875,GOOGL
2020-08-25,1611.6199951171875,1582.0699462890625,1582.0699462890625,1608.219970703125,2247100.0,1608.219970703125,GOOGL
2020-08-26,1659.219970703125,1603.5999755859375,1608.0,1652.3800048828125,3993400.0,1652.3800048828125,GOOGL
2020-08-27,1655.0,1625.75,1653.6800537109375,1634.3299560546875,1861600.0,1634.3299560546875,GOOGL
2020-08-28,1647.1700439453125,1630.75,1633.489990234375,1644.4100341796875,1499000.0,1644.4100341796875,GOOGL
2020-08-31,1647.9649658203125,1630.31005859375,1647.8900146484375,1634.1800537109375,1823400.0,1634.1800537109375,GOOGL
2020-09-01,1665.72998046875,1632.219970703125,1636.6300048828125,1660.7099609375,1825300.0,1660.7099609375,GOOGL
2020-09-02,1733.1800537109375,1666.3299560546875,1673.7750244140625,1728.280029296875,2511200.0,1728.280029296875,GOOGL
2020-09-03,1709.7139892578125,1615.06005859375,1709.7139892578125,1641.8399658203125,3107800.0,1641.8399658203125,GOOGL
2020-09-04,1645.1099853515625,1547.613037109375,1624.260009765625,1591.0400390625,2608600.0,1591.0400390625,GOOGL
2020-09-08,1563.864990234375,1528.010009765625,1533.510009765625,1532.3900146484375,2610900.0,1532.3900146484375,GOOGL
2020-09-09,1569.0,1536.051025390625,1557.530029296875,1556.9599609375,1774700.0,1556.9599609375,GOOGL
2020-09-10,1584.0810546875,1525.8050537109375,1560.6400146484375,1532.02001953125,1618600.0,1532.02001953125,GOOGL
2020-09-11,1575.199951171875,1497.3599853515625,1536.0,1520.719970703125,1597100.0,1520.719970703125,GOOGL
2020-09-14,1564.0,1515.739990234375,1539.0050048828125,1519.280029296875,1696600.0,1519.280029296875,GOOGL
2020-09-15,1559.5699462890625,1531.8349609375,1536.0,1541.43994140625,1331100.0,1541.43994140625,GOOGL
2020-09-16,1562.0,1519.8199462890625,1555.5400390625,1520.9000244140625,1311700.0,1520.9000244140625,GOOGL
2020-09-17,1508.2979736328125,1470.0,1496.0,1495.530029296875,1879800.0,1495.530029296875,GOOGL
2020-09-18,1503.0030517578125,1437.1300048828125,1498.010009765625,1459.989990234375,3103900.0,1459.989990234375,GOOGL
2020-09-21,1448.3599853515625,1406.550048828125,1440.06005859375,1431.1600341796875,2888800.0,1431.1600341796875,GOOGL
2020-09-22,1469.52001953125,1434.530029296875,1450.0899658203125,1465.4599609375,1583200.0,1465.4599609375,GOOGL
2020-09-23,1460.9599609375,1407.699951171875,1458.780029296875,1415.2099609375,1657400.0,1415.2099609375,GOOGL
2020-09-24,1443.708984375,1409.8499755859375,1411.030029296875,1428.2900390625,1450200.0,1428.2900390625,GOOGL
2020-09-25,1450.0,1413.3399658203125,1432.6300048828125,1444.9599609375,1323000.0,1444.9599609375,GOOGL
2020-09-28,1476.800048828125,1449.301025390625,1474.2099609375,1464.52001953125,2007900.0,1464.52001953125,GOOGL
2020-09-29,1476.6629638671875,1458.8050537109375,1470.3900146484375,1469.3299560546875,978200.0,1469.3299560546875,GOOGL
2020-09-30,1489.75,1459.8800048828125,1466.800048828125,1469.5999755859375,1701600.0,1469.5999755859375,GOOGL
2020-10-01,1499.0400390625,1479.2099609375,1484.27001953125,1490.0899658203125,1779500.0,1490.0899658203125,GOOGL
2020-10-02,1483.199951171875,1450.9200439453125,1462.030029296875,1458.4200439453125,1284100.0,1458.4200439453125,GOOGL
2020-10-05,1488.2099609375,1464.27001953125,1466.2099609375,1486.02001953125,1113300.0,1486.02001953125,GOOGL
2020-10-06,1486.760009765625,1448.5899658203125,1475.5799560546875,1453.43994140625,1245400.0,1453.43994140625,GOOGL
2020-10-07,1468.9599609375,1436.0,1464.2900390625,1460.2900390625,1746200.0,1460.2900390625,GOOGL
2020-10-08,1490.0,1465.0899658203125,1465.0899658203125,1485.9300537109375,1187800.0,1485.9300537109375,GOOGL
2020-10-09,1516.52001953125,1489.449951171875,1494.699951171875,1515.219970703125,1435300.0,1515.219970703125,GOOGL
2020-10-12,1593.8599853515625,1532.5699462890625,1543.0,1569.1500244140625,2482600.0,1569.1500244140625,GOOGL
2020-10-13,1590.0,1563.199951171875,1583.72998046875,1571.6800537109375,1601000.0,1571.6800537109375,GOOGL
2020-10-14,1587.6839599609375,1550.530029296875,1578.5899658203125,1568.0799560546875,1931000.0,1568.0799560546875,GOOGL
2020-10-15,1575.10498046875,1545.030029296875,1547.1500244140625,1559.1300048828125,1540000.0,1559.1300048828125,GOOGL
2020-10-16,1581.1300048828125,1563.0,1565.8499755859375,1573.010009765625,1434700.0,1573.010009765625,GOOGL
2020-10-19,1588.1500244140625,1528.0,1580.4599609375,1534.6099853515625,1607100.0,1534.6099853515625,GOOGL
2020-10-20,1577.5,1525.6700439453125,1527.050048828125,1555.9300537109375,2241700.0,1555.9300537109375,GOOGL
2020-10-21,1618.72998046875,1571.6300048828125,1573.3299560546875,1593.31005859375,2568300.0,1593.31005859375,GOOGL
2020-10-22,1621.989990234375,1585.0,1593.050048828125,1615.3299560546875,1433600.0,1615.3299560546875,GOOGL
2020-10-23,1642.3599853515625,1620.510009765625,1626.0699462890625,1641.0,1375200.0,1641.0,GOOGL
2020-10-26,1638.239990234375,1576.5,1625.010009765625,1590.449951171875,1853300.0,1590.449951171875,GOOGL
2020-10-27,1606.844970703125,1582.780029296875,1595.6700439453125,1604.260009765625,1229000.0,1604.260009765625,GOOGL
2020-10-28,1561.3499755859375,1514.6199951171875,1559.739990234375,1516.6199951171875,1834000.0,1516.6199951171875,GOOGL
2020-10-29,1593.7099609375,1522.239990234375,1522.3599853515625,1567.239990234375,2003100.0,1567.239990234375,GOOGL
2020-10-30,1687.0,1604.4599609375,1672.1099853515625,1621.010009765625,4329100.0,1621.010009765625,GOOGL
2020-11-02,1660.77001953125,1616.030029296875,1628.1600341796875,1626.030029296875,2535400.0,1626.030029296875,GOOGL
2020-11-03,1661.699951171875,1616.6199951171875,1631.780029296875,1650.2099609375,1661700.0,1650.2099609375,GOOGL
2020-11-04,1771.364990234375,1706.030029296875,1710.280029296875,1749.1300048828125,3570900.0,1749.1300048828125,GOOGL
2020-11-05,1793.6400146484375,1750.510009765625,1781.0,1763.3699951171875,2065800.0,1763.3699951171875,GOOGL
2020-11-06,1772.4300537109375,1740.3499755859375,1753.949951171875,1761.75,1660900.0,1761.75,GOOGL
2020-11-09,1818.06005859375,1760.02001953125,1790.9000244140625,1763.0,2265300.0,1763.0,GOOGL
2020-11-10,1763.0,1717.300048828125,1731.0899658203125,1740.3900146484375,2636100.0,1740.3900146484375,GOOGL
2020-11-11,1764.219970703125,1747.364990234375,1750.0,1752.7099609375,1264000.0,1752.7099609375,GOOGL
2020-11-12,1768.27001953125,1745.5999755859375,1747.6300048828125,1749.8399658203125,1247500.0,1749.8399658203125,GOOGL
2020-11-13,1781.0400390625,1744.550048828125,1757.6300048828125,1777.02001953125,1499900.0,1777.02001953125,GOOGL
2020-11-16,1799.0699462890625,1767.68994140625,1771.699951171875,1781.3800048828125,1246800.0,1781.3800048828125,GOOGL
2020-11-17,1785.0,1767.0,1776.93994140625,1770.1500244140625,1147100.0,1770.1500244140625,GOOGL
2020-11-18,1773.469970703125,1746.1400146484375,1765.22998046875,1746.780029296875,1173500.0,1746.780029296875,GOOGL
2020-11-19,1769.5899658203125,1737.0050048828125,1738.3800048828125,1763.9200439453125,1249900.0,1763.9200439453125,GOOGL
2020-11-20,1774.0,1741.8599853515625,1765.2099609375,1742.18994140625,2313500.0,1742.18994140625,GOOGL
2020-11-23,1753.9000244140625,1717.719970703125,1749.5999755859375,1734.8599853515625,2161600.0,1734.8599853515625,GOOGL
2020-11-24,1771.5999755859375,1727.68994140625,1730.5,1768.8800048828125,1578000.0,1768.8800048828125,GOOGL
2020-11-25,1778.5400390625,1756.5400390625,1772.8900146484375,1771.4300537109375,1045800.0,1771.4300537109375,GOOGL
2020-11-27,1804.0,1772.43994140625,1773.0899658203125,1793.18994140625,884900.0,1793.18994140625,GOOGL
2020-11-30,1788.06494140625,1755.0,1781.1839599609375,1760.739990234375,1823800.0,1760.739990234375,GOOGL
2020-12-01,1824.8299560546875,1769.3699951171875,1774.3699951171875,1798.0999755859375,1739000.0,1798.0999755859375,GOOGL
2020-12-02,1835.6500244140625,1789.4730224609375,1798.0999755859375,1827.949951171875,1222000.0,1827.949951171875,GOOGL
2020-12-03,1847.199951171875,1822.6500244140625,1824.010009765625,1826.77001953125,1227300.0,1826.77001953125,GOOGL
2020-12-04,1833.1600341796875,1816.989990234375,1824.52001953125,1827.989990234375,1376100.0,1827.989990234375,GOOGL
2020-12-07,1832.3699951171875,1805.780029296875,1819.0,1819.47998046875,1320900.0,1819.47998046875,GOOGL
2020-12-08,1821.9000244140625,1796.2049560546875,1810.0999755859373,1818.550048828125,1096300.0,1818.550048828125,GOOGL
2020-12-09,1834.27001953125,1767.81005859375,1812.010009765625,1784.1300048828125,1507600.0,1784.1300048828125,GOOGL
2020-12-10,1781.31005859375,1740.3199462890625,1769.800048828125,1775.3299560546875,1361600.0,1775.3299560546875,GOOGL
2020-12-11,1784.449951171875,1760.0,1763.06005859375,1781.77001953125,1220100.0,1781.77001953125,GOOGL
2020-12-14,1797.3900146484375,1757.2149658203125,1775.0,1760.06005859375,1600200.0,1760.06005859375,GOOGL
2020-12-15,1771.4200439453125,1749.949951171875,1764.4200439453125,1767.77001953125,1482300.0,1767.77001953125,GOOGL
2020-12-16,1773.0,1756.0799560546875,1772.8800048828125,1763.0,1513500.0,1763.0,GOOGL
2020-12-17,1771.7840576171875,1738.6600341796875,1768.510009765625,1747.9000244140625,1624700.0,1747.9000244140625,GOOGL
2020-12-18,1755.1099853515625,1720.219970703125,1754.1800537109375,1731.010009765625,4015000.0,1731.010009765625,GOOGL
2020-12-21,1740.8499755859375,1699.0,1713.510009765625,1739.3699951171875,1826800.0,1739.3699951171875,GOOGL
2020-12-22,1737.405029296875,1712.574951171875,1734.4300537109375,1723.5,936700.0,1723.5,GOOGL
2020-12-23,1747.989990234375,1725.0400390625,1728.1099853515625,1732.3800048828125,1033800.0,1732.3800048828125,GOOGL
2020-12-24,1746.0,1729.1099853515625,1735.0,1738.8499755859375,346800.0,1738.8499755859375,GOOGL
2020-12-28,1790.72802734375,1746.3349609375,1751.635009765625,1776.0899658203125,1392500.0,1776.0899658203125,GOOGL
2020-12-29,1792.43994140625,1756.0899658203125,1787.7900390625,1758.719970703125,1299400.0,1758.719970703125,GOOGL
2020-12-30,1765.094970703125,1725.5999755859375,1762.010009765625,1739.52001953125,1306100.0,1739.52001953125,GOOGL
2020-12-31,1758.9300537109375,1735.4200439453125,1735.4200439453125,1751.8800048828125,1011900.0,1751.8800048828125,GOOGL
2019-01-02,269.75,256.5799865722656,259.2799987792969,267.6600036621094,11679500.0,267.6600036621094,NFLX
2019-01-03,275.7900085449219,264.42999267578125,270.20001220703125,271.20001220703125,14969600.0,271.20001220703125,NFLX
2019-01-04,297.79998779296875,278.5400085449219,281.8800048828125,297.57000732421875,19330100.0,297.57000732421875,NFLX
2019-01-07,316.79998779296875,301.6499938964844,302.1000061035156,315.3399963378906,18620100.0,315.3399963378906,NFLX
2019-01-08,320.5899963378906,308.010009765625,319.9800109863281,320.2699890136719,15359200.0,320.2699890136719,NFLX
2019-01-09,323.3500061035156,313.5,317.7099914550781,319.9599914550781,13343200.0,319.9599914550781,NFLX
2019-01-10,325.3699951171875,312.5,314.57000732421875,324.6600036621094,13472500.0,324.6600036621094,NFLX
2019-01-11,341.0899963378906,328.5199890136719,330.9599914550781,337.5899963378906,19500400.0,337.5899963378906,NFLX
2019-01-14,335.4800109863281,329.1300048828125,334.239990234375,332.94000244140625,10499600.0,332.94000244140625,NFLX
2019-01-15,357.2200012207031,347.0,349.6000061035156,354.6400146484375,21181200.0,354.6400146484375,NFLX
2019-01-16,358.8500061035156,348.1099853515625,354.0,351.3900146484375,15385500.0,351.3900146484375,NFLX
2019-01-17,355.7900085449219,346.4100036621094,349.5,353.19000244140625,18871200.0,353.19000244140625,NFLX
2019-01-18,353.0,336.7300109863281,351.9700012207031,339.1000061035156,26621000.0,339.1000061035156,NFLX
2019-01-22,336.8800048828125,321.0299987792969,334.8900146484375,325.1600036621094,17941400.0,325.1600036621094,NFLX
2019-01-23,331.75,318.6000061035156,328.25,321.989990234375,13480100.0,321.989990234375,NFLX
2019-01-24,331.79998779296875,319.0,320.6000061035156,326.6700134277344,11131600.0,326.6700134277344,NFLX
2019-01-25,340.0,328.510009765625,328.7200012207031,338.04998779296875,11152900.0,338.04998779296875,NFLX
2019-01-28,336.29998779296875,328.8800048828125,334.70001220703125,335.6600036621094,8652100.0,335.6600036621094,NFLX
2019-01-29,338.2200012207031,328.1499938964844,335.8699951171875,328.8999938964844,7655200.0,328.8999938964844,NFLX
2019-01-30,341.7799987792969,330.79998779296875,332.75,340.6600036621094,9234500.0,340.6600036621094,NFLX
2019-01-31,345.989990234375,338.0899963378906,339.67999267578125,339.5,8535500.0,339.5,NFLX
2019-02-01,346.8399963378906,336.5,337.17999267578125,339.8500061035156,9827800.0,339.8500061035156,NFLX
2019-02-04,352.0,341.29998779296875,342.6000061035156,351.3399963378906,9051400.0,351.3399963378906,NFLX
2019-02-05,360.0,352.8999938964844,353.20001220703125,355.8099975585937,9046600.0,355.8099975585937,NFLX
2019-02-06,357.0400085449219,347.19000244140625,357.0,352.19000244140625,6717700.0,352.19000244140625,NFLX
2019-02-07,348.75,339.0199890136719,347.8999938964844,344.7099914550781,7864500.0,344.7099914550781,NFLX
2019-02-08,348.0,338.0,338.0,347.57000732421875,7561400.0,347.57000732421875,NFLX
2019-02-11,352.8699951171875,344.8099975585937,350.0,345.7300109863281,5454900.0,345.7300109863281,NFLX
2019-02-12,360.0,346.5199890136719,348.0899963378906,359.9700012207031,10429400.0,359.9700012207031,NFLX
2019-02-13,359.6000061035156,350.2799987792969,357.29998779296875,351.7699890136719,10559100.0,351.7699890136719,NFLX
2019-02-14,360.4500122070313,348.3299865722656,351.75,359.07000732421875,9295300.0,359.07000732421875,NFLX
2019-02-15,364.3999938964844,355.5,358.4700012207031,356.8699951171875,9230000.0,356.8699951171875,NFLX
2019-02-19,365.0,355.32000732421875,355.79998779296875,361.9200134277344,7396600.0,361.9200134277344,NFLX
2019-02-20,366.7099914550781,356.70001220703125,364.8500061035156,359.9100036621094,8110700.0,359.9100036621094,NFLX
2019-02-21,362.8500061035156,353.8800048828125,360.0299987792969,356.9700012207031,6227900.0,356.9700012207031,NFLX
2019-02-22,366.1300048828125,360.04998779296875,360.3399963378906,363.0199890136719,7088200.0,363.0199890136719,NFLX
2019-02-25,371.489990234375,363.7900085449219,367.010009765625,363.9100036621094,7569300.0,363.9100036621094,NFLX
2019-02-26,365.7000122070313,359.3299865722656,362.9800109863281,364.9700012207031,4944600.0,364.9700012207031,NFLX
2019-02-27,368.0299987792969,359.79998779296875,363.5,362.8699951171875,5629900.0,362.8699951171875,NFLX
2019-02-28,366.3900146484375,357.7099914550781,362.4700012207031,358.1000061035156,6186800.0,358.1000061035156,NFLX
2019-03-01,362.8699951171875,354.69000244140625,362.260009765625,357.32000732421875,5526500.0,357.32000732421875,NFLX
2019-03-04,362.25,348.0400085449219,359.7200012207031,351.0400085449219,7487000.0,351.0400085449219,NFLX
2019-03-05,356.1700134277344,348.25,351.4599914550781,354.29998779296875,5937800.0,354.29998779296875,NFLX
2019-03-06,359.8800048828125,351.70001220703125,353.6000061035156,359.6099853515625,6211900.0,359.6099853515625,NFLX
2019-03-07,362.8599853515625,350.5,360.1600036621094,352.6000061035156,6151300.0,352.6000061035156,NFLX
2019-03-08,349.9200134277344,342.4700012207031,345.75,349.6000061035156,6898800.0,349.6000061035156,NFLX
2019-03-11,358.9800109863281,350.0299987792969,352.0,358.8599853515625,5387300.0,358.8599853515625,NFLX
2019-03-12,360.1300048828125,353.79998779296875,359.3699951171875,356.2699890136719,5164600.0,356.2699890136719,NFLX
2019-03-13,362.4800109863281,352.7699890136719,355.8099975585937,361.2099914550781,6444100.0,361.2099914550781,NFLX
2019-03-14,363.8399963378906,358.1000061035156,360.5,358.82000732421875,5271400.0,358.82000732421875,NFLX
2019-03-15,364.0,358.8900146484375,361.0199890136719,361.4599914550781,8444500.0,361.4599914550781,NFLX
2019-03-18,370.9700012207031,361.8599853515625,362.4700012207031,363.4400024414063,7194700.0,363.4400024414063,NFLX
2019-03-19,366.9599914550781,356.79998779296875,366.3999938964844,358.7799987792969,7541400.0,358.7799987792969,NFLX
2019-03-20,375.8999938964844,357.010009765625,358.9100036621094,375.2200012207031,10917200.0,375.2200012207031,NFLX
2019-03-21,379.0,370.6099853515625,374.0,377.8699951171875,8544000.0,377.8699951171875,NFLX
2019-03-22,376.4299926757813,360.0400085449219,375.9500122070313,361.010009765625,8661300.0,361.010009765625,NFLX
2019-03-25,367.0400085449219,357.44000244140625,359.0,366.2300109863281,8473800.0,366.2300109863281,NFLX
2019-03-26,368.3800048828125,358.0199890136719,367.8699951171875,359.9700012207031,7666500.0,359.9700012207031,NFLX
2019-03-27,362.4700012207031,350.3699951171875,361.0,353.3699951171875,7852400.0,353.3699951171875,NFLX
2019-03-28,355.94000244140625,349.20001220703125,354.489990234375,354.6099853515625,4361000.0,354.6099853515625,NFLX
2019-03-29,358.25,353.7099914550781,357.1600036621094,356.5599975585937,4705600.0,356.5599975585937,NFLX
2019-04-01,368.3299865722656,358.510009765625,359.0,366.9599914550781,7036100.0,366.9599914550781,NFLX
2019-04-02,368.4200134277344,362.2200012207031,366.25,367.7200012207031,5158700.0,367.7200012207031,NFLX
2019-04-03,373.4100036621094,366.1900024414063,369.260009765625,369.75,5368900.0,369.75,NFLX
2019-04-04,372.0499877929688,362.3999938964844,370.0700073242188,367.8800048828125,4627300.0,367.8800048828125,NFLX
2019-04-05,369.7999877929688,364.6600036621094,369.0,365.489990234375,3905500.0,365.489990234375,NFLX
2019-04-08,365.9400024414063,359.92999267578125,365.1099853515625,361.4100036621094,4653800.0,361.4100036621094,NFLX
2019-04-09,366.739990234375,359.0,360.5400085449219,364.7099914550781,5439200.0,364.7099914550781,NFLX
2019-04-10,368.8500061035156,362.25,365.7900085449219,363.9200134277344,4545600.0,363.9200134277344,NFLX
2019-04-11,370.1199951171875,360.80999755859375,365.0,367.6499938964844,6526900.0,367.6499938964844,NFLX
2019-04-12,361.75,349.3599853515625,360.6900024414063,351.1400146484375,15646200.0,351.1400146484375,NFLX
2019-04-15,352.2099914550781,342.2699890136719,350.7099914550781,348.8699951171875,8842300.0,348.8699951171875,NFLX
2019-04-16,364.4800109863281,352.7200012207031,355.0,359.4599914550781,18740200.0,359.4599914550781,NFLX
2019-04-17,368.760009765625,350.6000061035156,365.0499877929688,354.739990234375,18054100.0,354.739990234375,NFLX
2019-04-18,360.4100036621094,351.6400146484375,355.0,360.3500061035156,8353200.0,360.3500061035156,NFLX
2019-04-22,377.6900024414063,359.0,359.70001220703125,377.3399963378906,11980500.0,377.3399963378906,NFLX
2019-04-23,384.7999877929688,374.7099914550781,375.4500122070313,381.8900146484375,10089800.0,381.8900146484375,NFLX
2019-04-24,381.8999938964844,373.2699890136719,381.0700073242188,374.2300109863281,6541900.0,374.2300109863281,NFLX
2019-04-25,374.760009765625,365.7000122070313,374.489990234375,368.3299865722656,6255500.0,368.3299865722656,NFLX
2019-04-26,375.1400146484375,366.239990234375,368.3500061035156,374.8500061035156,5621900.0,374.8500061035156,NFLX
2019-04-29,374.5799865722656,369.1199951171875,373.6799926757813,371.8299865722656,3821700.0,371.8299865722656,NFLX
2019-04-30,374.5,368.3500061035156,369.55999755859375,370.5400085449219,3870100.0,370.5400085449219,NFLX
2019-05-01,385.989990234375,373.1700134277344,374.0,378.80999755859375,9257300.0,378.80999755859375,NFLX
2019-05-02,383.5,374.510009765625,378.0,379.05999755859375,5398200.0,379.05999755859375,NFLX
2019-05-03,385.0299987792969,378.2699890136719,381.5299987792969,385.0299987792969,5130300.0,385.0299987792969,NFLX
2019-05-06,381.3500061035156,376.0,377.6900024414063,378.6700134277344,5793100.0,378.6700134277344,NFLX
2019-05-07,379.9100036621094,365.80999755859375,377.0,370.4599914550781,6974900.0,370.4599914550781,NFLX
2019-05-08,369.0,361.3599853515625,367.9200134277344,364.3699951171875,6572000.0,364.3699951171875,NFLX
2019-05-09,364.2000122070313,352.75,360.8999938964844,362.75,5882600.0,362.75,NFLX
2019-05-10,365.260009765625,353.0599975585937,361.6199951171875,361.0400085449219,5657100.0,361.0400085449219,NFLX
2019-05-13,354.260009765625,343.1000061035156,352.2900085449219,345.260009765625,8026700.0,345.260009765625,NFLX
2019-05-14,349.95001220703125,342.5,348.7099914550781,345.6099853515625,5353000.0,345.6099853515625,NFLX
2019-05-15,356.5,341.3900146484375,343.3399963378906,354.989990234375,6340100.0,354.989990234375,NFLX
2019-05-16,364.0,353.94000244140625,356.3699951171875,359.3099975585937,6441500.0,359.3099975585937,NFLX
2019-05-17,359.6199951171875,353.7900085449219,356.3900146484375,354.45001220703125,4725400.0,354.45001220703125,NFLX
2019-05-20,352.4200134277344,345.3999938964844,351.2300109863281,348.1099853515625,4621500.0,348.1099853515625,NFLX
2019-05-21,356.42999267578125,349.92999267578125,350.95001220703125,354.2699890136719,4026400.0,354.2699890136719,NFLX
2019-05-22,370.4599914550781,357.29998779296875,358.010009765625,359.7300109863281,6229400.0,359.7300109863281,NFLX
2019-05-23,357.4200134277344,347.70001220703125,355.5,352.2099914550781,5630400.0,352.2099914550781,NFLX
2019-05-24,359.44000244140625,353.7900085449219,355.4100036621094,354.3900146484375,3831000.0,354.3900146484375,NFLX
2019-05-28,361.2000122070313,353.6499938964844,354.3900146484375,355.0599975585937,4717100.0,355.0599975585937,NFLX
2019-05-29,353.8500061035156,345.8999938964844,353.6000061035156,349.19000244140625,5658900.0,349.19000244140625,NFLX
2019-05-30,354.2099914550781,348.29998779296875,350.54998779296875,351.8500061035156,4008000.0,351.8500061035156,NFLX
2019-05-31,349.3399963378906,342.9200134277344,347.2200012207031,343.2799987792969,5023400.0,343.2799987792969,NFLX
2019-06-03,347.6600036621094,332.6499938964844,343.5599975585937,336.6300048828125,7849600.0,336.6300048828125,NFLX
2019-06-04,353.6099853515625,343.25,345.0,353.3999938964844,7891600.0,353.3999938964844,NFLX
2019-06-05,357.8800048828125,348.7099914550781,354.3800048828125,355.7300109863281,5020100.0,355.7300109863281,NFLX
2019-06-06,358.2099914550781,352.0899963378906,354.8399963378906,357.1300048828125,3710000.0,357.1300048828125,NFLX
2019-06-07,365.1499938964844,355.69000244140625,357.3900146484375,360.8699951171875,4777300.0,360.8699951171875,NFLX
2019-06-10,367.1000061035156,349.2900085449219,363.6499938964844,352.010009765625,7810300.0,352.010009765625,NFLX
2019-06-11,357.5799865722656,348.5,355.0,351.2699890136719,5396700.0,351.2699890136719,NFLX
2019-06-12,353.6099853515625,343.2300109863281,351.82000732421875,345.5599975585937,4584700.0,345.5599975585937,NFLX
2019-06-13,348.5,339.25,347.2300109863281,343.42999267578125,6209300.0,343.42999267578125,NFLX
2019-06-14,343.3999938964844,336.1600036621094,341.6300048828125,339.7300109863281,5019000.0,339.7300109863281,NFLX
2019-06-17,351.7699890136719,342.0599975585937,342.69000244140625,350.6199951171875,5358200.0,350.6199951171875,NFLX
2019-06-18,361.5,353.75,355.57000732421875,357.1199951171875,5428500.0,357.1199951171875,NFLX
2019-06-19,364.739990234375,356.1199951171875,361.7200012207031,363.5199890136719,5667200.0,363.5199890136719,NFLX
2019-06-20,370.1199951171875,361.2200012207031,365.9100036621094,365.2099914550781,5899500.0,365.2099914550781,NFLX
2019-06-21,371.4500122070313,365.0,365.0,369.2099914550781,7448400.0,369.2099914550781,NFLX
2019-06-24,375.0,370.2000122070313,370.2699890136719,371.0400085449219,4830200.0,371.0400085449219,NFLX
2019-06-25,371.0,358.2900085449219,370.75,360.2999877929688,5750400.0,360.2999877929688,NFLX
2019-06-26,366.7900085449219,361.6000061035156,361.6000061035156,362.2000122070313,3669700.0,362.2000122070313,NFLX
2019-06-27,370.8500061035156,363.2000122070313,363.2000122070313,370.0199890136719,4138600.0,370.0199890136719,NFLX
2019-06-28,371.5400085449219,364.8699951171875,370.260009765625,367.3200073242188,4592700.0,367.3200073242188,NFLX
2019-07-01,376.6600036621094,372.0,373.5,374.6000061035156,4992600.0,374.6000061035156,NFLX
2019-07-02,376.0,370.30999755859375,374.8900146484375,375.4299926757813,3625000.0,375.4299926757813,NFLX
2019-07-03,381.989990234375,375.8399963378906,376.6900024414063,381.7200012207031,3799000.0,381.7200012207031,NFLX
2019-07-05,381.3999938964844,375.55999755859375,378.2900085449219,380.5499877929688,3732200.0,380.5499877929688,NFLX
2019-07-08,378.25,375.3599853515625,378.1900024414063,376.1600036621094,3113400.0,376.1600036621094,NFLX
2019-07-09,384.760009765625,377.5,379.05999755859375,379.9299926757813,6932800.0,379.9299926757813,NFLX
2019-07-10,384.3399963378906,362.6799926757813,382.7699890136719,381.0,5878800.0,381.0,NFLX
2019-07-11,384.5400085449219,378.7999877929688,381.1000061035156,379.5,4336300.0,379.5,NFLX
2019-07-12,379.739990234375,372.7900085449219,378.6799926757813,373.25,6636900.0,373.25,NFLX
2019-07-15,373.6799926757813,362.2999877929688,372.9400024414063,366.6000061035156,7944700.0,366.6000061035156,NFLX
2019-07-16,371.3399963378906,364.9200134277344,370.0899963378906,365.989990234375,5863200.0,365.989990234375,NFLX
2019-07-17,366.5,361.75,366.25,362.4400024414063,13639500.0,362.4400024414063,NFLX
2019-07-18,329.8500061035156,320.29998779296875,323.760009765625,325.2099914550781,31287100.0,325.2099914550781,NFLX
2019-07-19,325.8500061035156,314.2300109863281,323.3999938964844,315.1000061035156,16302500.0,315.1000061035156,NFLX
2019-07-22,314.5400085449219,305.8099975585937,312.0,310.6199951171875,17718000.0,310.6199951171875,NFLX
2019-07-23,313.5,306.0,311.44000244140625,307.29998779296875,9171100.0,307.29998779296875,NFLX
2019-07-24,319.989990234375,307.25,310.510009765625,317.94000244140625,11961800.0,317.94000244140625,NFLX
2019-07-25,327.69000244140625,316.29998779296875,318.8599853515625,326.4599914550781,10798500.0,326.4599914550781,NFLX
2019-07-26,336.0,327.5,328.7900085449219,335.7799987792969,10847500.0,335.7799987792969,NFLX
2019-07-29,336.3999938964844,328.7699890136719,335.9800109863281,332.70001220703125,5782800.0,332.70001220703125,NFLX
2019-07-30,329.6499938964844,323.2300109863281,329.20001220703125,325.92999267578125,6029300.0,325.92999267578125,NFLX
2019-07-31,331.7699890136719,318.5299987792969,325.1600036621094,322.989990234375,6259500.0,322.989990234375,NFLX
2019-08-01,328.5799865722656,318.739990234375,324.25,319.5,6563200.0,319.5,NFLX
2019-08-02,319.4100036621094,311.79998779296875,317.489990234375,318.8299865722656,6280300.0,318.8299865722656,NFLX
2019-08-05,313.4200134277344,304.67999267578125,310.9599914550781,307.6300048828125,8692500.0,307.6300048828125,NFLX
2019-08-06,311.8800048828125,305.29998779296875,310.5799865722656,310.1000061035156,6179100.0,310.1000061035156,NFLX
2019-08-07,305.0,296.8099975585937,302.5599975585937,304.2900085449219,9322400.0,304.2900085449219,NFLX
2019-08-08,316.3599853515625,306.6300048828125,311.0299987792969,315.8999938964844,5905900.0,315.8999938964844,NFLX
2019-08-09,316.6400146484375,305.67999267578125,313.739990234375,308.92999267578125,5349100.0,308.92999267578125,NFLX
2019-08-12,312.8900146484375,303.239990234375,305.4599914550781,310.8299865722656,6531700.0,310.8299865722656,NFLX
2019-08-13,316.42999267578125,308.1600036621094,309.7699890136719,312.2799987792969,5289400.0,312.2799987792969,NFLX
2019-08-14,308.4100036621094,298.010009765625,308.010009765625,299.1099853515625,7355800.0,299.1099853515625,NFLX
2019-08-15,300.6300048828125,288.0,299.5,295.760009765625,9629200.0,295.760009765625,NFLX
2019-08-16,303.54998779296875,296.2699890136719,298.8599853515625,302.79998779296875,6905800.0,302.79998779296875,NFLX
2019-08-19,311.75,304.75,306.25,309.3800048828125,4942200.0,309.3800048828125,NFLX
2019-08-20,305.0,297.67999267578125,304.57000732421875,298.989990234375,7349900.0,298.989990234375,NFLX
2019-08-21,302.8800048828125,296.20001220703125,301.6099853515625,297.8099975585937,5685400.0,297.8099975585937,NFLX
2019-08-22,300.3299865722656,293.1499938964844,298.6499938964844,296.92999267578125,4974200.0,296.92999267578125,NFLX
2019-08-23,299.010009765625,290.32000732421875,295.0,291.44000244140625,6324900.0,291.44000244140625,NFLX
2019-08-26,296.95001220703125,292.5,295.239990234375,294.9800109863281,4695700.0,294.9800109863281,NFLX
2019-08-27,296.7699890136719,287.20001220703125,294.5400085449219,291.0299987792969,6309400.0,291.0299987792969,NFLX
2019-08-28,292.82000732421875,287.75,289.4700012207031,291.7699890136719,3955700.0,291.7699890136719,NFLX
2019-08-29,299.92999267578125,294.989990234375,295.0,296.7799987792969,4388500.0,296.7799987792969,NFLX
2019-08-30,298.94000244140625,290.8500061035156,298.7799987792969,293.75,4446400.0,293.75,NFLX
2019-09-03,293.8999938964844,288.0599975585937,290.82000732421875,289.2900085449219,3682800.0,289.2900085449219,NFLX
2019-09-04,292.3800048828125,286.510009765625,291.25,291.5199890136719,4652500.0,291.5199890136719,NFLX
2019-09-05,293.9700012207031,282.7900085449219,285.32000732421875,293.25,8966800.0,293.25,NFLX
2019-09-06,293.3500061035156,287.0299987792969,293.3500061035156,290.1700134277344,5166600.0,290.1700134277344,NFLX
2019-09-09,301.54998779296875,290.6000061035156,294.8099975585937,294.3399963378906,8232700.0,294.3399963378906,NFLX
2019-09-10,297.1700134277344,282.6600036621094,291.1600036621094,287.989990234375,12320200.0,287.989990234375,NFLX
2019-09-11,292.6499938964844,284.6099853515625,285.70001220703125,288.2699890136719,7405900.0,288.2699890136719,NFLX
2019-09-12,292.7300109863281,286.6000061035156,288.1000061035156,288.8599853515625,5010900.0,288.8599853515625,NFLX
2019-09-13,296.6199951171875,290.0400085449219,290.6099853515625,294.1499938964844,6583100.0,294.1499938964844,NFLX
2019-09-16,297.42999267578125,289.7799987792969,294.2300109863281,294.2900085449219,5307400.0,294.2900085449219,NFLX
2019-09-17,299.1499938964844,291.7900085449219,294.5,298.6000061035156,4777100.0,298.6000061035156,NFLX
2019-09-18,296.04998779296875,287.45001220703125,294.989990234375,291.5599975585937,7811100.0,291.5599975585937,NFLX
2019-09-19,293.8099975585937,283.3999938964844,291.5599975585937,286.6000061035156,8461300.0,286.6000061035156,NFLX
2019-09-20,282.5,266.0,280.260009765625,270.75,23832800.0,270.75,NFLX
2019-09-23,273.3900146484375,261.8900146484375,268.3500061035156,265.9200134277344,13478600.0,265.9200134277344,NFLX
2019-09-24,265.0,252.27999877929688,262.5,254.58999633789065,16338200.0,254.58999633789065,NFLX
2019-09-25,266.6000061035156,253.6999969482422,255.7100067138672,264.75,11643800.0,264.75,NFLX
2019-09-26,268.04998779296875,260.20001220703125,266.4200134277344,263.3099975585937,7684000.0,263.3099975585937,NFLX
2019-09-27,267.44000244140625,260.3900146484375,266.17999267578125,263.0799865722656,7328300.0,263.0799865722656,NFLX
2019-09-30,268.8800048828125,262.7799987792969,264.0,267.6199951171875,6727200.0,267.6199951171875,NFLX
2019-10-01,272.20001220703125,264.0299987792969,267.3500061035156,269.5799865722656,8650300.0,269.5799865722656,NFLX
2019-10-02,269.3500061035156,262.19000244140625,263.6099853515625,268.0299987792969,7659100.0,268.0299987792969,NFLX
2019-10-03,268.8399963378906,257.010009765625,267.7799987792969,268.1499938964844,8951000.0,268.1499938964844,NFLX
2019-10-04,275.4800109863281,266.4700012207031,268.20001220703125,272.7900085449219,9890400.0,272.7900085449219,NFLX
2019-10-07,276.67999267578125,271.2799987792969,271.989990234375,274.4599914550781,6525600.0,274.4599914550781,NFLX
2019-10-08,275.5299987792969,270.6400146484375,273.0299987792969,270.7200012207031,6276400.0,270.7200012207031,NFLX
2019-10-09,271.0,264.57000732421875,270.0199890136719,267.5299987792969,6794400.0,267.5299987792969,NFLX
2019-10-10,280.5299987792969,265.0299987792969,265.9700012207031,280.4800109863281,10809100.0,280.4800109863281,NFLX
2019-10-11,287.8699951171875,282.3399963378906,284.79998779296875,282.92999267578125,8786100.0,282.92999267578125,NFLX
2019-10-14,286.92999267578125,282.0,283.92999267578125,285.5299987792969,5513200.0,285.5299987792969,NFLX
2019-10-15,285.8699951171875,279.3999938964844,283.82000732421875,284.25,7685600.0,284.25,NFLX
2019-10-16,288.1700134277344,280.739990234375,283.1199951171875,286.2799987792969,16175900.0,286.2799987792969,NFLX
2019-10-17,308.75,288.29998779296875,304.489990234375,293.3500061035156,38258900.0,293.3500061035156,NFLX
2019-10-18,290.8999938964844,273.3599853515625,289.3599853515625,275.29998779296875,23429900.0,275.29998779296875,NFLX
2019-10-21,279.94000244140625,269.0,272.8900146484375,278.04998779296875,12599200.0,278.04998779296875,NFLX
2019-10-22,275.4100036621094,265.79998779296875,271.1600036621094,266.69000244140625,11802400.0,266.69000244140625,NFLX
2019-10-23,273.9200134277344,266.6300048828125,268.0599975585937,271.2699890136719,7133500.0,271.2699890136719,NFLX
2019-10-24,274.0199890136719,268.79998779296875,271.8099975585937,271.5,4827400.0,271.5,NFLX
2019-10-25,277.7699890136719,270.17999267578125,270.67999267578125,276.82000732421875,4747800.0,276.82000732421875,NFLX
2019-10-28,285.75,277.3500061035156,278.04998779296875,281.8599853515625,6248400.0,281.8599853515625,NFLX
2019-10-29,284.4100036621094,277.54998779296875,281.8699951171875,281.2099914550781,4356200.0,281.2099914550781,NFLX
2019-10-30,293.489990234375,283.0,284.3399963378906,291.45001220703125,9345600.0,291.45001220703125,NFLX
2019-10-31,291.45001220703125,284.7799987792969,291.0,287.4100036621094,5090000.0,287.4100036621094,NFLX
2019-11-01,289.1199951171875,283.0199890136719,288.70001220703125,286.8099975585937,5594300.0,286.8099975585937,NFLX
2019-11-04,295.3900146484375,287.1600036621094,288.0,292.8599853515625,5566200.0,292.8599853515625,NFLX
2019-11-05,291.19000244140625,286.3099975585937,289.989990234375,288.0299987792969,4062400.0,288.0299987792969,NFLX
2019-11-06,290.5599975585937,285.8399963378906,288.19000244140625,288.5899963378906,3438300.0,288.5899963378906,NFLX
2019-11-07,298.19000244140625,288.2699890136719,290.70001220703125,289.57000732421875,5928500.0,289.57000732421875,NFLX
2019-11-08,293.989990234375,287.510009765625,288.7300109863281,291.57000732421875,4509000.0,291.57000732421875,NFLX
2019-11-11,296.3599853515625,288.5,289.1600036621094,294.17999267578125,3944300.0,294.17999267578125,NFLX
2019-11-12,295.3500061035156,288.70001220703125,295.32000732421875,292.010009765625,5772800.0,292.010009765625,NFLX
2019-11-13,293.4100036621094,281.1400146484375,291.0299987792969,283.1099853515625,9158900.0,283.1099853515625,NFLX
2019-11-14,290.6300048828125,283.2200012207031,283.25,289.6199951171875,6529000.0,289.6199951171875,NFLX
2019-11-15,295.82000732421875,287.57000732421875,290.5899963378906,295.0299987792969,6333800.0,295.0299987792969,NFLX
2019-11-18,304.989990234375,293.2799987792969,296.0,302.57000732421875,8616600.0,302.57000732421875,NFLX
2019-11-19,305.6700134277344,298.5199890136719,304.010009765625,302.6000061035156,5918000.0,302.6000061035156,NFLX
2019-11-20,308.25,301.0,301.010009765625,305.1600036621094,5111800.0,305.1600036621094,NFLX
2019-11-21,312.69000244140625,304.260009765625,306.0,311.69000244140625,7488400.0,311.69000244140625,NFLX
2019-11-22,311.3999938964844,304.4100036621094,309.1000061035156,310.4800109863281,5970100.0,310.4800109863281,NFLX
2019-11-25,315.7300109863281,305.25,308.8299865722656,315.54998779296875,7873900.0,315.54998779296875,NFLX
2019-11-26,316.5,311.69000244140625,315.0,312.489990234375,5321000.0,312.489990234375,NFLX
2019-11-27,316.82000732421875,312.75,313.92999267578125,315.92999267578125,4096900.0,315.92999267578125,NFLX
2019-11-29,316.6199951171875,313.3399963378906,315.7799987792969,314.6600036621094,2411700.0,314.6600036621094,NFLX
2019-12-02,314.3900146484375,303.75,314.3900146484375,309.989990234375,6218800.0,309.989990234375,NFLX
2019-12-03,307.3599853515625,301.8800048828125,302.2200012207031,306.1600036621094,4992800.0,306.1600036621094,NFLX
2019-12-04,308.42999267578125,303.2699890136719,308.42999267578125,304.32000732421875,3512100.0,304.32000732421875,NFLX
2019-12-05,306.4800109863281,298.8099975585937,305.2699890136719,302.8599853515625,4615500.0,302.8599853515625,NFLX
2019-12-06,307.8500061035156,302.6000061035156,304.70001220703125,307.3500061035156,4457800.0,307.3500061035156,NFLX
2019-12-09,311.489990234375,302.44000244140625,307.3500061035156,302.5,5748400.0,302.5,NFLX
2019-12-10,298.94000244140625,292.0199890136719,296.1199951171875,293.1199951171875,10476100.0,293.1199951171875,NFLX
2019-12-11,299.42999267578125,294.20001220703125,294.489990234375,298.92999267578125,5589800.0,298.92999267578125,NFLX
2019-12-12,299.1700134277344,295.0599975585937,295.6700134277344,298.44000244140625,4766600.0,298.44000244140625,NFLX
2019-12-13,301.79998779296875,297.25,298.5,298.5,3879700.0,298.5,NFLX
2019-12-16,305.7099914550781,298.6300048828125,300.8500061035156,304.2099914550781,4658900.0,304.2099914550781,NFLX
2019-12-17,316.79998779296875,306.6000061035156,307.3599853515625,315.4800109863281,10427100.0,315.4800109863281,NFLX
2019-12-18,325.3599853515625,315.6000061035156,316.260009765625,320.79998779296875,11207400.0,320.79998779296875,NFLX
2019-12-19,332.8299865722656,324.17999267578125,324.5,332.2200012207031,9822300.0,332.2200012207031,NFLX
2019-12-20,338.0,330.6000061035156,335.0,336.8999938964844,9914900.0,336.8999938964844,NFLX
2019-12-23,337.95001220703125,331.0199890136719,337.760009765625,333.1000061035156,5765300.0,333.1000061035156,NFLX
2019-12-24,335.70001220703125,331.6000061035156,334.010009765625,333.20001220703125,2019300.0,333.20001220703125,NFLX
2019-12-26,336.4599914550781,332.010009765625,334.6000061035156,332.6300048828125,3589900.0,332.6300048828125,NFLX
2019-12-27,333.82000732421875,326.010009765625,332.9599914550781,329.0899963378906,5036100.0,329.0899963378906,NFLX
2019-12-30,329.19000244140625,322.8599853515625,329.0799865722656,323.3099975585937,4311500.0,323.3099975585937,NFLX
2019-12-31,324.9200134277344,321.0899963378906,322.0,323.57000732421875,3713300.0,323.57000732421875,NFLX
2020-01-02,329.9800109863281,324.7799987792969,326.1000061035156,329.8099975585937,4485800.0,329.8099975585937,NFLX
2020-01-03,329.8599853515625,325.5299987792969,326.7799987792969,325.8999938964844,3806900.0,325.8999938964844,NFLX
2020-01-06,336.3599853515625,321.20001220703125,323.1199951171875,335.8299865722656,5663100.0,335.8299865722656,NFLX
2020-01-07,336.70001220703125,330.29998779296875,336.4700012207031,330.75,4703200.0,330.75,NFLX
2020-01-08,342.70001220703125,331.04998779296875,331.489990234375,339.260009765625,7104500.0,339.260009765625,NFLX
2020-01-09,343.4200134277344,334.6099853515625,342.0,335.6600036621094,4709300.0,335.6600036621094,NFLX
2020-01-10,338.5,327.2699890136719,337.1300048828125,329.04998779296875,4718300.0,329.04998779296875,NFLX
2020-01-13,340.8500061035156,331.510009765625,331.79998779296875,338.9200134277344,6290000.0,338.9200134277344,NFLX
2020-01-14,345.3800048828125,335.5199890136719,344.3999938964844,338.69000244140625,7199400.0,338.69000244140625,NFLX
2020-01-15,343.1700134277344,336.6000061035156,338.67999267578125,339.07000732421875,5158000.0,339.07000732421875,NFLX
2020-01-16,343.5599975585937,335.8500061035156,343.5,338.6199951171875,5016000.0,338.6199951171875,NFLX
2020-01-17,341.57000732421875,337.3800048828125,341.0,339.6700134277344,6066500.0,339.6700134277344,NFLX
2020-01-21,341.0,332.5899963378906,340.0,338.1099853515625,14350300.0,338.1099853515625,NFLX
2020-01-22,336.29998779296875,323.6000061035156,332.54998779296875,326.0,21730000.0,326.0,NFLX
2020-01-23,349.8800048828125,325.010009765625,326.0400085449219,349.6000061035156,18200300.0,349.6000061035156,NFLX
2020-01-24,359.8500061035156,345.8800048828125,348.4599914550781,353.1600036621094,17939700.0,353.1600036621094,NFLX
2020-01-27,351.8999938964844,341.0199890136719,345.95001220703125,342.8800048828125,7709500.0,342.8800048828125,NFLX
2020-01-28,352.3999938964844,342.7799987792969,345.8800048828125,348.5199890136719,6821600.0,348.5199890136719,NFLX
2020-01-29,349.3999938964844,338.54998779296875,349.0,343.1600036621094,7643500.0,343.1600036621094,NFLX
2020-01-30,348.20001220703125,339.25,341.1000061035156,347.739990234375,5328100.0,347.739990234375,NFLX
2020-01-31,347.3900146484375,340.9800109863281,347.3900146484375,345.0899963378906,5230000.0,345.0899963378906,NFLX
2020-02-03,359.6300048828125,346.2799987792969,347.239990234375,358.0,6674900.0,358.0,NFLX
2020-02-04,369.5700073242188,356.1000061035156,361.0,369.010009765625,7161500.0,369.010009765625,NFLX
2020-02-05,375.25,362.2999877929688,375.1300048828125,369.6700134277344,6437000.0,369.6700134277344,NFLX
2020-02-06,371.5499877929688,362.510009765625,369.6000061035156,366.9500122070313,3920400.0,366.9500122070313,NFLX
2020-02-07,371.7999877929688,363.5700073242188,365.0400085449219,366.7699890136719,4385200.0,366.7699890136719,NFLX
2020-02-10,374.7999877929688,362.5199890136719,365.0,371.0700073242188,5294100.0,371.0700073242188,NFLX
2020-02-11,378.1099853515625,369.7200012207031,373.75,373.6900024414063,4772900.0,373.6900024414063,NFLX
2020-02-12,380.6199951171875,375.8800048828125,377.1799926757813,380.010009765625,4624800.0,380.010009765625,NFLX
2020-02-13,385.3699951171875,376.510009765625,376.9599914550781,381.3999938964844,4485400.0,381.3999938964844,NFLX
2020-02-14,385.1499938964844,379.4299926757813,381.4700012207031,380.3999938964844,3736300.0,380.3999938964844,NFLX
2020-02-18,389.5400085449219,379.1900024414063,379.2999877929688,387.7799987792969,5173900.0,387.7799987792969,NFLX
2020-02-19,392.9500122070313,384.8999938964844,388.1199951171875,386.1900024414063,4896400.0,386.1900024414063,NFLX
2020-02-20,389.7000122070313,376.6799926757813,386.55999755859375,386.0,4079400.0,386.0,NFLX
2020-02-21,387.3200073242188,377.8999938964844,385.3299865722656,380.0700073242188,3930100.0,380.0700073242188,NFLX
2020-02-24,372.8200073242188,361.0,364.760009765625,368.7000122070313,6936400.0,368.7000122070313,NFLX
2020-02-25,375.6499938964844,357.7200012207031,372.0,360.0899963378906,6481200.0,360.0899963378906,NFLX
2020-02-26,382.0,365.0,366.30999755859375,379.239990234375,8934100.0,379.239990234375,NFLX
2020-02-27,391.55999755859375,370.6000061035156,371.4599914550781,371.7099914550781,10967700.0,371.7099914550781,NFLX
2020-02-28,376.7699890136719,356.79998779296875,364.2099914550781,369.0299987792969,11178600.0,369.0299987792969,NFLX
2020-03-02,381.3599853515625,364.5,373.1099853515625,381.0499877929688,6997900.0,381.0499877929688,NFLX
2020-03-03,393.5199890136719,367.3999938964844,381.0299987792969,368.7699890136719,8364600.0,368.7699890136719,NFLX
2020-03-04,384.010009765625,370.510009765625,377.7699890136719,383.7900085449219,5487300.0,383.7900085449219,NFLX
2020-03-05,391.3999938964844,368.6400146484375,381.0,372.7799987792969,8747000.0,372.7799987792969,NFLX
2020-03-06,371.30999755859375,356.8500061035156,367.7000122070313,368.9700012207031,8147200.0,368.9700012207031,NFLX
2020-03-09,357.4700012207031,341.7200012207031,343.8599853515625,346.489990234375,7405500.0,346.489990234375,NFLX
2020-03-10,364.5400085449219,347.8500061035156,356.42999267578125,364.1300048828125,7604400.0,364.1300048828125,NFLX
2020-03-11,362.9800109863281,344.7900085449219,358.9200134277344,349.9200134277344,6036000.0,349.9200134277344,NFLX
2020-03-12,335.7200012207031,307.32000732421875,326.5,315.25,12071600.0,315.25,NFLX
2020-03-13,336.4200134277344,307.3900146484375,330.510009765625,336.29998779296875,9458200.0,336.29998779296875,NFLX
2020-03-16,334.3500061035156,294.75,306.6300048828125,298.8399963378906,10559900.0,298.8399963378906,NFLX
2020-03-17,322.8999938964844,290.25,306.19000244140625,319.75,10013900.0,319.75,NFLX
2020-03-18,331.5799865722656,300.0,302.3999938964844,315.4700012207031,12593600.0,315.4700012207031,NFLX
2020-03-19,348.510009765625,316.82000732421875,324.3299865722656,332.0299987792969,10616000.0,332.0299987792969,NFLX
2020-03-20,350.489990234375,332.0,342.3099975585937,332.8299865722656,10853800.0,332.8299865722656,NFLX
2020-03-23,366.1099853515625,340.8800048828125,347.8900146484375,360.2699890136719,13449400.0,360.2699890136719,NFLX
2020-03-24,372.9299926757813,353.0299987792969,369.989990234375,357.32000732421875,11638700.0,357.32000732421875,NFLX
2020-03-25,362.0,339.1700134277344,361.0199890136719,342.3900146484375,8767200.0,342.3900146484375,NFLX
2020-03-26,363.8399963378906,341.7300109863281,344.0,362.989990234375,7229600.0,362.989990234375,NFLX
2020-03-27,368.55999755859375,353.0,359.0899963378906,357.1199951171875,7948800.0,357.1199951171875,NFLX
2020-03-30,377.7999877929688,361.1700134277344,363.0,370.9599914550781,8622000.0,370.9599914550781,NFLX
2020-03-31,383.010009765625,366.4400024414063,367.9299926757813,375.5,9366500.0,375.5,NFLX
2020-04-01,380.2300109863281,361.0199890136719,376.0499877929688,364.0799865722656,6672500.0,364.0799865722656,NFLX
2020-04-02,370.989990234375,360.0599975585937,364.0799865722656,370.0799865722656,4592500.0,370.0799865722656,NFLX
2020-04-03,370.8999938964844,357.510009765625,367.4700012207031,361.760009765625,4860800.0,361.760009765625,NFLX
2020-04-06,380.2900085449219,361.7099914550781,365.2200012207031,379.9599914550781,8183900.0,379.9599914550781,NFLX
2020-04-07,381.3299865722656,369.3399963378906,380.0,372.2799987792969,7046400.0,372.2799987792969,NFLX
2020-04-08,378.3900146484375,368.30999755859375,374.010009765625,371.1199951171875,6908900.0,371.1199951171875,NFLX
2020-04-09,372.1000061035156,363.0299987792969,371.05999755859375,370.7200012207031,7711300.0,370.7200012207031,NFLX
2020-04-13,400.510009765625,367.7000122070313,371.30999755859375,396.7200012207031,11692900.0,396.7200012207031,NFLX
2020-04-14,417.8200073242188,394.8500061035156,397.5,413.5499877929688,11581000.0,413.5499877929688,NFLX
2020-04-15,434.9800109863281,412.25,413.0,426.75,13561200.0,426.75,NFLX
2020-04-16,449.5199890136719,431.6099853515625,437.0,439.1700134277344,16128700.0,439.1700134277344,NFLX
2020-04-17,432.0,414.7000122070313,431.0,422.9599914550781,12616300.0,422.9599914550781,NFLX
2020-04-20,444.489990234375,430.55999755859375,435.1700134277344,437.489990234375,12655800.0,437.489990234375,NFLX
2020-04-21,447.0,425.6000061035156,444.7699890136719,433.8299865722656,23177600.0,433.8299865722656,NFLX
2020-04-22,433.0,413.0,429.7300109863281,421.4200134277344,21123800.0,421.4200134277344,NFLX
2020-04-23,438.4100036621094,419.260009765625,419.260009765625,426.7000122070313,13952300.0,426.7000122070313,NFLX
2020-04-24,427.1700134277344,415.8800048828125,425.0,424.989990234375,8670400.0,424.989990234375,NFLX
2020-04-27,429.0,420.8399963378906,425.0,421.3800048828125,6277500.0,421.3800048828125,NFLX
2020-04-28,421.0,402.9100036621094,419.989990234375,403.8299865722656,10101200.0,403.8299865722656,NFLX
2020-04-29,415.8599853515625,393.6000061035156,399.5299987792969,411.8900146484375,9693100.0,411.8900146484375,NFLX
2020-04-30,424.4400024414063,408.0,410.30999755859375,419.8500061035156,7954000.0,419.8500061035156,NFLX
2020-05-01,427.9700012207031,411.7300109863281,415.1000061035156,415.2699890136719,8299900.0,415.2699890136719,NFLX
2020-05-04,428.5400085449219,414.8699951171875,417.7799987792969,428.1499938964844,7799100.0,428.1499938964844,NFLX
2020-05-05,431.0,421.55999755859375,427.55999755859375,424.6799926757813,6286300.0,424.6799926757813,NFLX
2020-05-06,439.7699890136719,426.3900146484375,429.2999877929688,434.260009765625,6660700.0,434.260009765625,NFLX
2020-05-07,438.8800048828125,430.6600036621094,436.8900146484375,436.5299987792969,5641900.0,436.5299987792969,NFLX
2020-05-08,442.0,433.6400146484375,434.1400146484375,435.5499877929688,5054300.0,435.5499877929688,NFLX
2020-05-11,444.8900146484375,435.55999755859375,436.3299865722656,440.5199890136719,5486000.0,440.5199890136719,NFLX
2020-05-12,444.1700134277344,431.3599853515625,442.0,431.8200073242188,4598200.0,431.8200073242188,NFLX
2020-05-13,447.0,427.2699890136719,435.6900024414063,438.2699890136719,7014600.0,438.2699890136719,NFLX
2020-05-14,452.3800048828125,432.8200073242188,444.8999938964844,441.9500122070313,9007500.0,441.9500122070313,NFLX
2020-05-15,455.0,437.510009765625,440.7000122070313,454.1900024414063,7244000.0,454.1900024414063,NFLX
2020-05-18,456.3599853515625,443.3500061035156,451.1600036621094,452.5799865722656,7780300.0,452.5799865722656,NFLX
2020-05-19,458.9700012207031,450.4700012207031,453.3999938964844,451.0400085449219,4810500.0,451.0400085449219,NFLX
2020-05-20,455.80999755859375,444.0,454.25,447.6700134277344,5607300.0,447.6700134277344,NFLX
2020-05-21,448.9599914550781,430.25,448.55999755859375,436.25,9117300.0,436.25,NFLX
2020-05-22,439.0899963378906,427.1799926757813,437.0,429.3200073242188,5422300.0,429.3200073242188,NFLX
2020-05-26,428.5,413.1400146484375,427.7699890136719,414.7699890136719,7881100.0,414.7699890136719,NFLX
2020-05-27,420.0199890136719,397.8599853515625,410.3800048828125,419.8900146484375,10446300.0,419.8900146484375,NFLX
2020-05-28,422.3699951171875,411.5,417.239990234375,413.4400024414063,5655100.0,413.4400024414063,NFLX
2020-05-29,420.2999877929688,411.8500061035156,417.4599914550781,419.7300109863281,5270500.0,419.7300109863281,NFLX
2020-06-01,426.7200012207031,415.9800109863281,418.8299865722656,425.9200134277344,3743700.0,425.9200134277344,NFLX
2020-06-02,427.5899963378906,419.4599914550781,425.8699951171875,427.30999755859375,3494800.0,427.30999755859375,NFLX
2020-06-03,427.1000061035156,418.0499877929688,426.9500122070313,421.9700012207031,4316000.0,421.9700012207031,NFLX
2020-06-04,428.7099914550781,410.0299987792969,422.3900146484375,414.3299865722656,5410500.0,414.3299865722656,NFLX
2020-06-05,420.239990234375,404.25,407.2900085449219,419.6000061035156,5099600.0,419.6000061035156,NFLX
2020-06-08,420.7999877929688,406.5,416.0,419.489990234375,5851500.0,419.489990234375,NFLX
2020-06-09,434.7300109863281,420.30999755859375,421.6499938964844,434.0499877929688,6797000.0,434.0499877929688,NFLX
2020-06-10,439.6900024414063,430.5499877929688,436.0,434.4800109863281,4896900.0,434.4800109863281,NFLX
2020-06-11,445.5700073242188,424.1600036621094,428.2000122070313,425.55999755859375,7462900.0,425.55999755859375,NFLX
2020-06-12,434.05999755859375,412.4500122070313,429.0,418.0700073242188,6461100.0,418.0700073242188,NFLX
2020-06-15,426.489990234375,415.4200134277344,421.3999938964844,425.5,4467900.0,425.5,NFLX
2020-06-16,437.9599914550781,425.1799926757813,425.760009765625,436.1300048828125,5507900.0,436.1300048828125,NFLX
2020-06-17,450.4599914550781,439.2200012207031,441.8200073242188,447.7699890136719,6529600.0,447.7699890136719,NFLX
2020-06-18,452.760009765625,442.7999877929688,448.7300109863281,449.8699951171875,4277600.0,449.8699951171875,NFLX
2020-06-19,453.9700012207031,445.6000061035156,449.1199951171875,453.7200012207031,5934500.0,453.7200012207031,NFLX
2020-06-22,468.5899963378906,454.2099914550781,455.010009765625,468.0400085449219,6272100.0,468.0400085449219,NFLX
2020-06-23,474.010009765625,464.5,466.5,466.260009765625,5948400.0,466.260009765625,NFLX
2020-06-24,472.3599853515625,454.0,468.5400085449219,457.8500061035156,4826200.0,457.8500061035156,NFLX
2020-06-25,467.010009765625,454.0,458.8599853515625,465.9100036621094,4134500.0,465.9100036621094,NFLX
2020-06-26,468.0299987792969,442.239990234375,466.3900146484375,443.3999938964844,6804700.0,443.3999938964844,NFLX
2020-06-29,447.6700134277344,432.1400146484375,445.2300109863281,447.239990234375,4844000.0,447.239990234375,NFLX
2020-06-30,457.5899963378906,447.0,450.0199890136719,455.0400085449219,4198500.0,455.0400085449219,NFLX
2020-07-01,488.2300109863281,454.0,454.0,485.6400146484375,9705900.0,485.6400146484375,NFLX
2020-07-02,492.2799987792969,475.5299987792969,485.6400146484375,476.8900146484375,6351500.0,476.8900146484375,NFLX
2020-07-06,499.5,479.7999877929688,480.7699890136719,493.80999755859375,7839000.0,493.80999755859375,NFLX
2020-07-07,504.8200073242188,490.8299865722656,497.30999755859375,493.1600036621094,5669900.0,493.1600036621094,NFLX
2020-07-08,505.1000061035156,493.80999755859375,498.5799865722656,502.7799987792969,5691700.0,502.7799987792969,NFLX
2020-07-09,510.0,495.7799987792969,508.3999938964844,507.760009765625,5840500.0,507.760009765625,NFLX
2020-07-10,555.8800048828125,511.2799987792969,519.72998046875,548.72998046875,21605600.0,548.72998046875,NFLX
2020-07-13,575.3699951171875,520.9600219726562,567.97998046875,525.5,18399000.0,525.5,NFLX
2020-07-14,525.5,490.489990234375,517.0800170898438,524.8800048828125,15083300.0,524.8800048828125,NFLX
2020-07-15,529.0,510.1799926757813,516.2999877929688,523.260009765625,10066700.0,523.260009765625,NFLX
2020-07-16,535.5399780273438,504.3599853515625,526.47998046875,527.3900146484375,24499000.0,527.3900146484375,NFLX
2020-07-17,503.5899963378906,484.1400146484375,494.8699951171875,492.989990234375,24991400.0,492.989990234375,NFLX
2020-07-20,504.5,484.2000122070313,489.1400146484375,502.4100036621094,11940300.0,502.4100036621094,NFLX
2020-07-21,506.2200012207031,488.6099853515625,506.0,490.1000061035156,9127200.0,490.1000061035156,NFLX
2020-07-22,497.2000122070313,487.2000122070313,492.1900024414063,489.8200073242188,6954100.0,489.8200073242188,NFLX
2020-07-23,491.8999938964844,472.0199890136719,491.1300048828125,477.5799865722656,7722000.0,477.5799865722656,NFLX
2020-07-24,487.1700134277344,467.5400085449219,468.7699890136719,480.4500122070313,7746200.0,480.4500122070313,NFLX
2020-07-27,496.9200134277344,482.30999755859375,484.510009765625,495.6499938964844,7863100.0,495.6499938964844,NFLX
2020-07-28,497.7900085449219,487.760009765625,496.0199890136719,488.510009765625,5986700.0,488.510009765625,NFLX
2020-07-29,494.9200134277344,484.1300048828125,492.25,484.4800109863281,6611800.0,484.4800109863281,NFLX
2020-07-30,488.3500061035156,477.510009765625,480.7099914550781,485.7999877929688,6608600.0,485.7999877929688,NFLX
2020-07-31,494.7999877929688,484.5,488.2900085449219,488.8800048828125,5924300.0,488.8800048828125,NFLX
2020-08-03,503.0899963378906,490.2300109863281,490.8599853515625,498.6199951171875,5873100.0,498.6199951171875,NFLX
2020-08-04,510.4400024414063,498.6499938964844,498.6499938964844,509.6400146484375,5608000.0,509.6400146484375,NFLX
2020-08-05,510.1000061035156,501.2000122070313,508.6799926757813,502.1099853515625,4313500.0,502.1099853515625,NFLX
2020-08-06,510.8200073242188,498.7000122070313,504.1099853515625,509.0799865722656,3725900.0,509.0799865722656,NFLX
2020-08-07,508.2900085449219,486.6799926757813,505.4500122070313,494.7300109863281,5910300.0,494.7300109863281,NFLX
2020-08-10,497.4599914550781,478.6300048828125,493.3500061035156,483.3800048828125,4691200.0,483.3800048828125,NFLX
2020-08-11,480.9200134277344,466.5499877929688,479.75,466.9299926757813,7329200.0,466.9299926757813,NFLX
2020-08-12,482.489990234375,470.1799926757813,471.3399963378906,475.4700012207031,5441200.0,475.4700012207031,NFLX
2020-08-13,484.4500122070313,476.4500122070313,478.3999938964844,481.3299865722656,3008900.0,481.3299865722656,NFLX
2020-08-14,488.3299865722656,480.2099914550781,482.8200073242188,482.6799926757813,2943500.0,482.6799926757813,NFLX
2020-08-17,486.239990234375,479.1000061035156,484.1900024414063,482.3500061035156,2423500.0,482.3500061035156,NFLX
2020-08-18,495.2999877929688,482.7999877929688,484.3500061035156,491.8699951171875,3505500.0,491.8699951171875,NFLX
2020-08-19,494.5,483.5,493.9299926757813,484.5299987792969,3156200.0,484.5299987792969,NFLX
2020-08-20,498.9400024414063,483.8900146484375,484.6900024414063,497.8999938964844,5132500.0,497.8999938964844,NFLX
2020-08-21,498.1300048828125,490.0,496.4599914550781,492.30999755859375,3921300.0,492.30999755859375,NFLX
2020-08-24,501.0,483.1600036621094,495.4400024414063,488.80999755859375,4762200.0,488.80999755859375,NFLX
2020-08-25,492.4700012207031,485.0899963378906,488.1900024414063,490.5799865722656,5727700.0,490.5799865722656,NFLX
2020-08-26,549.0399780273438,492.0799865722656,492.5,547.530029296875,20373700.0,547.530029296875,NFLX
2020-08-27,541.0,521.25,537.780029296875,526.27001953125,9062900.0,526.27001953125,NFLX
2020-08-28,539.0,522.0,532.0,523.8900146484375,4417500.0,523.8900146484375,NFLX
2020-08-31,531.989990234375,517.5800170898438,521.1599731445312,529.5599975585938,4941400.0,529.5599975585938,NFLX
2020-09-01,557.3900146484375,532.4500122070312,532.5999755859375,556.5499877929688,9581900.0,556.5499877929688,NFLX
2020-09-02,556.5,537.3699951171875,553.780029296875,552.8400268554688,5886900.0,552.8400268554688,NFLX
2020-09-03,554.0,521.3200073242188,545.0,525.75,9071100.0,525.75,NFLX
2020-09-04,527.3599853515625,485.9800109863281,520.1799926757812,516.0499877929688,8270100.0,516.0499877929688,NFLX
2020-09-08,522.0,495.0,498.3999938964844,507.0199890136719,5572700.0,507.0199890136719,NFLX
2020-09-09,520.0,492.5700073242188,519.2100219726562,500.1900024414063,6848100.0,500.1900024414063,NFLX
2020-09-10,506.2900085449219,478.8399963378906,503.3500061035156,480.6700134277344,6240200.0,480.6700134277344,NFLX
2020-09-11,493.7300109863281,476.80999755859375,486.489990234375,482.0299987792969,5035200.0,482.0299987792969,NFLX
2020-09-14,488.989990234375,471.2999877929688,480.6199951171875,476.260009765625,7359100.0,476.260009765625,NFLX
2020-09-15,497.4700012207031,481.6300048828125,484.0,495.989990234375,5337000.0,495.989990234375,NFLX
2020-09-16,504.6600036621094,483.30999755859375,499.989990234375,483.8599853515625,4394900.0,483.8599853515625,NFLX
2020-09-17,478.3999938964844,463.2699890136719,475.1600036621094,470.2000122070313,5379300.0,470.2000122070313,NFLX
2020-09-18,479.3999938964844,458.6000061035156,472.510009765625,469.9599914550781,6717700.0,469.9599914550781,NFLX
2020-09-21,487.7799987792969,466.3200073242188,467.6900024414063,487.3500061035156,5457500.0,487.3500061035156,NFLX
2020-09-22,491.8200073242188,479.260009765625,489.010009765625,491.1700134277344,3482300.0,491.1700134277344,NFLX
2020-09-23,491.0400085449219,469.0,491.0400085449219,470.6099853515625,3726400.0,470.6099853515625,NFLX
2020-09-24,477.0,467.8200073242188,470.5299987792969,473.0799865722656,3727200.0,473.0799865722656,NFLX
2020-09-25,484.8699951171875,468.0299987792969,474.3900146484375,482.8800048828125,3769400.0,482.8800048828125,NFLX
2020-09-28,492.0,477.8800048828125,489.1099853515625,490.6499938964844,4773500.0,490.6499938964844,NFLX
2020-09-29,496.2900085449219,486.5299987792969,489.5,493.4800109863281,3541500.0,493.4800109863281,NFLX
2020-09-30,504.6300048828125,489.2699890136719,492.5700073242188,500.0299987792969,4634100.0,500.0299987792969,NFLX
2020-10-01,529.5499877929688,503.6000061035156,506.0299987792969,527.510009765625,8153700.0,527.510009765625,NFLX
2020-10-02,526.3699951171875,502.7000122070313,516.4299926757812,503.05999755859375,6071200.0,503.05999755859375,NFLX
2020-10-05,520.989990234375,501.7000122070313,506.7999877929688,520.6500244140625,4088100.0,520.6500244140625,NFLX
2020-10-06,521.8200073242188,504.1600036621094,518.719970703125,505.8699951171875,4199000.0,505.8699951171875,NFLX
2020-10-07,536.489990234375,515.8200073242188,518.0,534.6599731445312,7988700.0,534.6599731445312,NFLX
2020-10-08,535.0,524.1500244140625,533.47998046875,531.7899780273438,5386500.0,531.7899780273438,NFLX
2020-10-09,544.280029296875,535.0,537.8300170898438,539.4400024414062,4777700.0,539.4400024414062,NFLX
2020-10-12,551.8099975585938,538.239990234375,548.8099975585938,539.8099975585938,5391100.0,539.8099975585938,NFLX
2020-10-13,557.6500244140625,537.2000122070312,540.5599975585938,554.0900268554688,5602500.0,554.0900268554688,NFLX
2020-10-14,572.489990234375,541.0,562.6099853515625,541.4500122070312,9510100.0,541.4500122070312,NFLX
2020-10-15,551.219970703125,535.0999755859375,545.52001953125,541.9400024414062,5113100.0,541.9400024414062,NFLX
2020-10-16,554.3300170898438,530.030029296875,549.5,530.7899780273438,6329900.0,530.7899780273438,NFLX
2020-10-19,541.7999877929688,525.3800048828125,537.0700073242188,530.719970703125,7567500.0,530.719970703125,NFLX
2020-10-20,533.780029296875,522.260009765625,528.1400146484375,525.4199829101562,10047200.0,525.4199829101562,NFLX
2020-10-21,506.8500061035156,488.25,501.0299987792969,489.0499877929688,17405700.0,489.0499877929688,NFLX
2020-10-22,495.1400146484375,482.0,494.6900024414063,485.2300109863281,6997900.0,485.2300109863281,NFLX
2020-10-23,490.05999755859375,481.3500061035156,488.1099853515625,488.2799987792969,4922200.0,488.2799987792969,NFLX
2020-10-26,496.8200073242188,478.8999938964844,487.0299987792969,488.239990234375,6186100.0,488.239990234375,NFLX
2020-10-27,490.489990234375,482.9299926757813,490.010009765625,488.9299926757813,3627200.0,488.9299926757813,NFLX
2020-10-28,494.0,483.2799987792969,486.3599853515625,486.239990234375,5992700.0,486.239990234375,NFLX
2020-10-29,513.9000244140625,479.3399963378906,488.5,504.2099914550781,11120700.0,504.2099914550781,NFLX
2020-10-30,505.8800048828125,472.2099914550781,502.010009765625,475.739990234375,7807900.0,475.739990234375,NFLX
2020-11-02,486.2999877929688,475.0,478.8699951171875,484.1199951171875,4408200.0,484.1199951171875,NFLX
2020-11-03,495.30999755859375,478.760009765625,484.9299926757813,487.2200012207031,3690200.0,487.2200012207031,NFLX
2020-11-04,507.7300109863281,493.9800109863281,495.3599853515625,496.9500122070313,5137300.0,496.9500122070313,NFLX
2020-11-05,518.72998046875,503.4500122070313,506.55999755859375,513.760009765625,5372800.0,513.760009765625,NFLX
2020-11-06,515.2100219726562,502.510009765625,515.0,514.72998046875,4233900.0,514.72998046875,NFLX
2020-11-09,495.8500061035156,467.260009765625,485.5400085449219,470.5,10406600.0,470.5,NFLX
2020-11-10,484.6000061035156,463.4100036621094,470.9500122070313,480.239990234375,8306100.0,480.239990234375,NFLX
2020-11-11,491.6799926757813,478.260009765625,483.0,490.760009765625,5460500.0,490.760009765625,NFLX
2020-11-12,496.5199890136719,480.4299926757813,491.0,486.7699890136719,5063700.0,486.7699890136719,NFLX
2020-11-13,488.9400024414063,477.7999877929688,486.7699890136719,482.8399963378906,3002700.0,482.8399963378906,NFLX
2020-11-16,485.5799865722656,477.2999877929688,480.0,479.1000061035156,3953600.0,479.1000061035156,NFLX
2020-11-17,487.510009765625,478.8500061035156,480.1199951171875,480.6300048828125,3698100.0,480.6300048828125,NFLX
2020-11-18,488.6099853515625,477.7200012207031,481.9500122070313,481.7900085449219,3629200.0,481.7900085449219,NFLX
2020-11-19,487.7999877929688,480.4700012207031,482.0,484.6700134277344,2254700.0,484.6700134277344,NFLX
2020-11-20,494.760009765625,481.5700073242188,485.2200012207031,488.239990234375,4253400.0,488.239990234375,NFLX
2020-11-23,491.1499938964844,475.8399963378906,490.4599914550781,476.6199951171875,5416600.0,476.6199951171875,NFLX
2020-11-24,484.0499877929688,475.8900146484375,478.8399963378906,482.8800048828125,3550500.0,482.8800048828125,NFLX
2020-11-25,486.8999938964844,478.9200134277344,485.1300048828125,485.0,3598600.0,485.0,NFLX
2020-11-27,493.25,481.8500061035156,486.5799865722656,491.3599853515625,2805800.0,491.3599853515625,NFLX
2020-11-30,492.5499877929688,481.2699890136719,490.0799865722656,490.7000122070313,3530900.0,490.7000122070313,NFLX
2020-12-01,509.4700012207031,491.9800109863281,492.3399963378906,504.5799865722656,5063200.0,504.5799865722656,NFLX
2020-12-02,506.7999877929688,493.5,501.6199951171875,503.3800048828125,3028400.0,503.3800048828125,NFLX
2020-12-03,508.7699890136719,496.0400085449219,502.989990234375,497.5199890136719,2826100.0,497.5199890136719,NFLX
2020-12-04,504.5,493.6400146484375,497.5,498.30999755859375,3476700.0,498.30999755859375,NFLX
2020-12-07,517.760009765625,497.7699890136719,500.010009765625,515.780029296875,4289300.0,515.780029296875,NFLX
2020-12-08,521.489990234375,505.5499877929688,517.9000244140625,512.6599731445312,4229000.0,512.6599731445312,NFLX
2020-12-09,514.5,491.2900085449219,510.5299987792969,493.6000061035156,4178800.0,493.6000061035156,NFLX
2020-12-10,503.7699890136719,492.9100036621094,494.55999755859375,501.0899963378906,3014300.0,501.0899963378906,NFLX
2020-12-11,503.3399963378906,494.8500061035156,495.0,503.2200012207031,3210200.0,503.2200012207031,NFLX
2020-12-14,524.1599731445312,501.1799926757813,505.4400024414063,522.4199829101562,5770400.0,522.4199829101562,NFLX
2020-12-15,524.7000122070312,513.5599975585938,518.5,519.780029296875,3398200.0,519.780029296875,NFLX
2020-12-16,527.3800048828125,517.6900024414062,520.1099853515625,524.8300170898438,3682400.0,524.8300170898438,NFLX
2020-12-17,535.489990234375,526.4400024414062,529.0,532.9000244140625,3193400.0,532.9000244140625,NFLX
2020-12-18,536.3699951171875,526.02001953125,533.2000122070312,534.4500122070312,4500400.0,534.4500122070312,NFLX
2020-12-21,532.6199951171875,521.1500244140625,530.0499877929688,528.9099731445312,3891200.0,528.9099731445312,NFLX
2020-12-22,530.4000244140625,520.5,527.6900024414062,527.3300170898438,1906600.0,527.3300170898438,NFLX
2020-12-23,526.3200073242188,514.2000122070312,524.760009765625,514.47998046875,2393200.0,514.47998046875,NFLX
2020-12-24,519.3499755859375,512.2100219726562,515.1199951171875,513.969970703125,1144000.0,513.969970703125,NFLX
2020-12-28,523.6599731445312,507.1300048828125,516.4299926757812,519.1199951171875,2889000.0,519.1199951171875,NFLX
2020-12-29,536.5499877929688,515.47998046875,519.9000244140625,530.8699951171875,4022400.0,530.8699951171875,NFLX
2020-12-30,533.260009765625,523.6900024414062,530.1300048828125,524.5900268554688,1876300.0,524.5900268554688,NFLX
2020-12-31,545.5,523.1500244140625,525.530029296875,540.72998046875,5388800.0,540.72998046875,NFLX
